game,drawNumber,officialDate,historyDate,status,differentFields,officialSource,historySource
"loto7","1","","2013-04-05","missing_official","","","sougaku:data\raw\loto7\extracted\loto7.csv"
"loto7","2","","2013-04-12","missing_official","","","sougaku:data\raw\loto7\extracted\loto7.csv"
"loto7","3","","2013-04-19","missing_official","","","sougaku:data\raw\loto7\extracted\loto7.csv"
"loto7","4","","2013-04-26","missing_official","","","sougaku:data\raw\loto7\extracted\loto7.csv"
"loto7","5","","2013-05-03","missing_official","","","sougaku:data\raw\loto7\extracted\loto7.csv"
"loto7","6","","2013-05-10","missing_official","","","sougaku:data\raw\loto7\extracted\loto7.csv"
"loto7","7","","2013-05-17","missing_official","","","sougaku:data\raw\loto7\extracted\loto7.csv"
"loto7","8","","2013-05-24","missing_official","","","sougaku:data\raw\loto7\extracted\loto7.csv"
"loto7","9","","2013-05-31","missing_official","","","sougaku:data\raw\loto7\extracted\loto7.csv"
"loto7","10","","2013-06-07","missing_official","","","sougaku:data\raw\loto7\extracted\loto7.csv"
"loto7","11","","2013-06-14","missing_official","","","sougaku:data\raw\loto7\extracted\loto7.csv"
"loto7","12","","2013-06-21","missing_official","","","sougaku:data\raw\loto7\extracted\loto7.csv"
"loto7","13","","2013-06-28","missing_official","","","sougaku:data\raw\loto7\extracted\loto7.csv"
"loto7","14","","2013-07-05","missing_official","","","sougaku:data\raw\loto7\extracted\loto7.csv"
"loto7","15","","2013-07-12","missing_official","","","sougaku:data\raw\loto7\extracted\loto7.csv"
"loto7","16","","2013-07-19","missing_official","","","sougaku:data\raw\loto7\extracted\loto7.csv"
"loto7","17","","2013-07-26","missing_official","","","sougaku:data\raw\loto7\extracted\loto7.csv"
"loto7","18","","2013-08-02","missing_official","","","sougaku:data\raw\loto7\extracted\loto7.csv"
"loto7","19","","2013-08-09","missing_official","","","sougaku:data\raw\loto7\extracted\loto7.csv"
"loto7","20","","2013-08-16","missing_official","","","sougaku:data\raw\loto7\extracted\loto7.csv"
"loto7","21","","2013-08-23","missing_official","","","sougaku:data\raw\loto7\extracted\loto7.csv"
"loto7","22","","2013-08-30","missing_official","","","sougaku:data\raw\loto7\extracted\loto7.csv"
"loto7","23","","2013-09-06","missing_official","","","sougaku:data\raw\loto7\extracted\loto7.csv"
"loto7","24","","2013-09-13","missing_official","","","sougaku:data\raw\loto7\extracted\loto7.csv"
"loto7","25","","2013-09-20","missing_official","","","sougaku:data\raw\loto7\extracted\loto7.csv"
"loto7","26","","2013-09-27","missing_official","","","sougaku:data\raw\loto7\extracted\loto7.csv"
"loto7","27","","2013-10-04","missing_official","","","sougaku:data\raw\loto7\extracted\loto7.csv"
"loto7","28","","2013-10-11","missing_official","","","sougaku:data\raw\loto7\extracted\loto7.csv"
"loto7","29","","2013-10-18","missing_official","","","sougaku:data\raw\loto7\extracted\loto7.csv"
"loto7","30","","2013-10-25","missing_official","","","sougaku:data\raw\loto7\extracted\loto7.csv"
"loto7","31","","2013-11-01","missing_official","","","sougaku:data\raw\loto7\extracted\loto7.csv"
"loto7","32","","2013-11-08","missing_official","","","sougaku:data\raw\loto7\extracted\loto7.csv"
"loto7","33","","2013-11-15","missing_official","","","sougaku:data\raw\loto7\extracted\loto7.csv"
"loto7","34","","2013-11-22","missing_official","","","sougaku:data\raw\loto7\extracted\loto7.csv"
"loto7","35","","2013-11-29","missing_official","","","sougaku:data\raw\loto7\extracted\loto7.csv"
"loto7","36","","2013-12-06","missing_official","","","sougaku:data\raw\loto7\extracted\loto7.csv"
"loto7","37","","2013-12-13","missing_official","","","sougaku:data\raw\loto7\extracted\loto7.csv"
"loto7","38","","2013-12-20","missing_official","","","sougaku:data\raw\loto7\extracted\loto7.csv"
"loto7","39","","2013-12-27","missing_official","","","sougaku:data\raw\loto7\extracted\loto7.csv"
"loto7","40","","2014-01-10","missing_official","","","sougaku:data\raw\loto7\extracted\loto7.csv"
"loto7","41","","2014-01-17","missing_official","","","sougaku:data\raw\loto7\extracted\loto7.csv"
"loto7","42","","2014-01-24","missing_official","","","sougaku:data\raw\loto7\extracted\loto7.csv"
"loto7","43","","2014-01-31","missing_official","","","sougaku:data\raw\loto7\extracted\loto7.csv"
"loto7","44","","2014-02-07","missing_official","","","sougaku:data\raw\loto7\extracted\loto7.csv"
"loto7","45","","2014-02-14","missing_official","","","sougaku:data\raw\loto7\extracted\loto7.csv"
"loto7","46","","2014-02-21","missing_official","","","sougaku:data\raw\loto7\extracted\loto7.csv"
"loto7","47","","2014-02-28","missing_official","","","sougaku:data\raw\loto7\extracted\loto7.csv"
"loto7","48","","2014-03-07","missing_official","","","sougaku:data\raw\loto7\extracted\loto7.csv"
"loto7","49","","2014-03-14","missing_official","","","sougaku:data\raw\loto7\extracted\loto7.csv"
"loto7","50","","2014-03-21","missing_official","","","sougaku:data\raw\loto7\extracted\loto7.csv"
"loto7","51","","2014-03-28","missing_official","","","sougaku:data\raw\loto7\extracted\loto7.csv"
"loto7","52","","2014-04-04","missing_official","","","sougaku:data\raw\loto7\extracted\loto7.csv"
"loto7","53","","2014-04-11","missing_official","","","sougaku:data\raw\loto7\extracted\loto7.csv"
"loto7","54","","2014-04-18","missing_official","","","sougaku:data\raw\loto7\extracted\loto7.csv"
"loto7","55","","2014-04-25","missing_official","","","sougaku:data\raw\loto7\extracted\loto7.csv"
"loto7","56","","2014-05-02","missing_official","","","sougaku:data\raw\loto7\extracted\loto7.csv"
"loto7","57","","2014-05-09","missing_official","","","sougaku:data\raw\loto7\extracted\loto7.csv"
"loto7","58","","2014-05-16","missing_official","","","sougaku:data\raw\loto7\extracted\loto7.csv"
"loto7","59","","2014-05-23","missing_official","","","sougaku:data\raw\loto7\extracted\loto7.csv"
"loto7","60","","2014-05-30","missing_official","","","sougaku:data\raw\loto7\extracted\loto7.csv"
"loto7","61","","2014-06-06","missing_official","","","sougaku:data\raw\loto7\extracted\loto7.csv"
"loto7","62","","2014-06-13","missing_official","","","sougaku:data\raw\loto7\extracted\loto7.csv"
"loto7","63","","2014-06-20","missing_official","","","sougaku:data\raw\loto7\extracted\loto7.csv"
"loto7","64","","2014-06-27","missing_official","","","sougaku:data\raw\loto7\extracted\loto7.csv"
"loto7","65","","2014-07-04","missing_official","","","sougaku:data\raw\loto7\extracted\loto7.csv"
"loto7","66","","2014-07-11","missing_official","","","sougaku:data\raw\loto7\extracted\loto7.csv"
"loto7","67","","2014-07-18","missing_official","","","sougaku:data\raw\loto7\extracted\loto7.csv"
"loto7","68","","2014-07-25","missing_official","","","sougaku:data\raw\loto7\extracted\loto7.csv"
"loto7","69","","2014-08-01","missing_official","","","sougaku:data\raw\loto7\extracted\loto7.csv"
"loto7","70","","2014-08-08","missing_official","","","sougaku:data\raw\loto7\extracted\loto7.csv"
"loto7","71","","2014-08-15","missing_official","","","sougaku:data\raw\loto7\extracted\loto7.csv"
"loto7","72","","2014-08-22","missing_official","","","sougaku:data\raw\loto7\extracted\loto7.csv"
"loto7","73","","2014-08-29","missing_official","","","sougaku:data\raw\loto7\extracted\loto7.csv"
"loto7","74","","2014-09-05","missing_official","","","sougaku:data\raw\loto7\extracted\loto7.csv"
"loto7","75","","2014-09-12","missing_official","","","sougaku:data\raw\loto7\extracted\loto7.csv"
"loto7","76","","2014-09-19","missing_official","","","sougaku:data\raw\loto7\extracted\loto7.csv"
"loto7","77","","2014-09-26","missing_official","","","sougaku:data\raw\loto7\extracted\loto7.csv"
"loto7","78","","2014-10-03","missing_official","","","sougaku:data\raw\loto7\extracted\loto7.csv"
"loto7","79","","2014-10-10","missing_official","","","sougaku:data\raw\loto7\extracted\loto7.csv"
"loto7","80","","2014-10-17","missing_official","","","sougaku:data\raw\loto7\extracted\loto7.csv"
"loto7","81","","2014-10-24","missing_official","","","sougaku:data\raw\loto7\extracted\loto7.csv"
"loto7","82","","2014-10-31","missing_official","","","sougaku:data\raw\loto7\extracted\loto7.csv"
"loto7","83","","2014-11-07","missing_official","","","sougaku:data\raw\loto7\extracted\loto7.csv"
"loto7","84","","2014-11-14","missing_official","","","sougaku:data\raw\loto7\extracted\loto7.csv"
"loto7","85","","2014-11-21","missing_official","","","sougaku:data\raw\loto7\extracted\loto7.csv"
"loto7","86","","2014-11-28","missing_official","","","sougaku:data\raw\loto7\extracted\loto7.csv"
"loto7","87","","2014-12-05","missing_official","","","sougaku:data\raw\loto7\extracted\loto7.csv"
"loto7","88","","2014-12-12","missing_official","","","sougaku:data\raw\loto7\extracted\loto7.csv"
"loto7","89","","2014-12-19","missing_official","","","sougaku:data\raw\loto7\extracted\loto7.csv"
"loto7","90","","2014-12-26","missing_official","","","sougaku:data\raw\loto7\extracted\loto7.csv"
"loto7","91","","2015-01-09","missing_official","","","sougaku:data\raw\loto7\extracted\loto7.csv"
"loto7","92","","2015-01-16","missing_official","","","sougaku:data\raw\loto7\extracted\loto7.csv"
"loto7","93","","2015-01-23","missing_official","","","sougaku:data\raw\loto7\extracted\loto7.csv"
"loto7","94","","2015-01-30","missing_official","","","sougaku:data\raw\loto7\extracted\loto7.csv"
"loto7","95","","2015-02-06","missing_official","","","sougaku:data\raw\loto7\extracted\loto7.csv"
"loto7","96","","2015-02-13","missing_official","","","sougaku:data\raw\loto7\extracted\loto7.csv"
"loto7","97","","2015-02-20","missing_official","","","sougaku:data\raw\loto7\extracted\loto7.csv"
"loto7","98","","2015-02-27","missing_official","","","sougaku:data\raw\loto7\extracted\loto7.csv"
"loto7","99","","2015-03-06","missing_official","","","sougaku:data\raw\loto7\extracted\loto7.csv"
"loto7","100","","2015-03-13","missing_official","","","sougaku:data\raw\loto7\extracted\loto7.csv"
"loto7","101","","2015-03-20","missing_official","","","sougaku:data\raw\loto7\extracted\loto7.csv"
"loto7","102","","2015-03-27","missing_official","","","sougaku:data\raw\loto7\extracted\loto7.csv"
"loto7","103","","2015-04-03","missing_official","","","sougaku:data\raw\loto7\extracted\loto7.csv"
"loto7","104","","2015-04-10","missing_official","","","sougaku:data\raw\loto7\extracted\loto7.csv"
"loto7","105","","2015-04-17","missing_official","","","sougaku:data\raw\loto7\extracted\loto7.csv"
"loto7","106","","2015-04-24","missing_official","","","sougaku:data\raw\loto7\extracted\loto7.csv"
"loto7","107","","2015-05-01","missing_official","","","sougaku:data\raw\loto7\extracted\loto7.csv"
"loto7","108","","2015-05-08","missing_official","","","sougaku:data\raw\loto7\extracted\loto7.csv"
"loto7","109","","2015-05-15","missing_official","","","sougaku:data\raw\loto7\extracted\loto7.csv"
"loto7","110","","2015-05-22","missing_official","","","sougaku:data\raw\loto7\extracted\loto7.csv"
"loto7","111","","2015-05-29","missing_official","","","sougaku:data\raw\loto7\extracted\loto7.csv"
"loto7","112","","2015-06-05","missing_official","","","sougaku:data\raw\loto7\extracted\loto7.csv"
"loto7","113","","2015-06-12","missing_official","","","sougaku:data\raw\loto7\extracted\loto7.csv"
"loto7","114","","2015-06-19","missing_official","","","sougaku:data\raw\loto7\extracted\loto7.csv"
"loto7","115","","2015-06-26","missing_official","","","sougaku:data\raw\loto7\extracted\loto7.csv"
"loto7","116","","2015-07-03","missing_official","","","sougaku:data\raw\loto7\extracted\loto7.csv"
"loto7","117","","2015-07-10","missing_official","","","sougaku:data\raw\loto7\extracted\loto7.csv"
"loto7","118","","2015-07-17","missing_official","","","sougaku:data\raw\loto7\extracted\loto7.csv"
"loto7","119","","2015-07-24","missing_official","","","sougaku:data\raw\loto7\extracted\loto7.csv"
"loto7","120","","2015-07-31","missing_official","","","sougaku:data\raw\loto7\extracted\loto7.csv"
"loto7","121","","2015-08-07","missing_official","","","sougaku:data\raw\loto7\extracted\loto7.csv"
"loto7","122","","2015-08-14","missing_official","","","sougaku:data\raw\loto7\extracted\loto7.csv"
"loto7","123","","2015-08-21","missing_official","","","sougaku:data\raw\loto7\extracted\loto7.csv"
"loto7","124","","2015-08-28","missing_official","","","sougaku:data\raw\loto7\extracted\loto7.csv"
"loto7","125","","2015-09-04","missing_official","","","sougaku:data\raw\loto7\extracted\loto7.csv"
"loto7","126","","2015-09-11","missing_official","","","sougaku:data\raw\loto7\extracted\loto7.csv"
"loto7","127","","2015-09-18","missing_official","","","sougaku:data\raw\loto7\extracted\loto7.csv"
"loto7","128","","2015-09-25","missing_official","","","sougaku:data\raw\loto7\extracted\loto7.csv"
"loto7","129","","2015-10-02","missing_official","","","sougaku:data\raw\loto7\extracted\loto7.csv"
"loto7","130","","2015-10-09","missing_official","","","sougaku:data\raw\loto7\extracted\loto7.csv"
"loto7","131","","2015-10-16","missing_official","","","sougaku:data\raw\loto7\extracted\loto7.csv"
"loto7","132","","2015-10-23","missing_official","","","sougaku:data\raw\loto7\extracted\loto7.csv"
"loto7","133","","2015-10-30","missing_official","","","sougaku:data\raw\loto7\extracted\loto7.csv"
"loto7","134","","2015-11-06","missing_official","","","sougaku:data\raw\loto7\extracted\loto7.csv"
"loto7","135","","2015-11-13","missing_official","","","sougaku:data\raw\loto7\extracted\loto7.csv"
"loto7","136","","2015-11-20","missing_official","","","sougaku:data\raw\loto7\extracted\loto7.csv"
"loto7","137","","2015-11-27","missing_official","","","sougaku:data\raw\loto7\extracted\loto7.csv"
"loto7","138","","2015-12-04","missing_official","","","sougaku:data\raw\loto7\extracted\loto7.csv"
"loto7","139","","2015-12-11","missing_official","","","sougaku:data\raw\loto7\extracted\loto7.csv"
"loto7","140","","2015-12-18","missing_official","","","sougaku:data\raw\loto7\extracted\loto7.csv"
"loto7","141","","2015-12-25","missing_official","","","sougaku:data\raw\loto7\extracted\loto7.csv"
"loto7","142","","2016-01-08","missing_official","","","sougaku:data\raw\loto7\extracted\loto7.csv"
"loto7","143","","2016-01-15","missing_official","","","sougaku:data\raw\loto7\extracted\loto7.csv"
"loto7","144","","2016-01-22","missing_official","","","sougaku:data\raw\loto7\extracted\loto7.csv"
"loto7","145","","2016-01-29","missing_official","","","sougaku:data\raw\loto7\extracted\loto7.csv"
"loto7","146","","2016-02-05","missing_official","","","sougaku:data\raw\loto7\extracted\loto7.csv"
"loto7","147","","2016-02-12","missing_official","","","sougaku:data\raw\loto7\extracted\loto7.csv"
"loto7","148","","2016-02-19","missing_official","","","sougaku:data\raw\loto7\extracted\loto7.csv"
"loto7","149","","2016-02-26","missing_official","","","sougaku:data\raw\loto7\extracted\loto7.csv"
"loto7","150","","2016-03-04","missing_official","","","sougaku:data\raw\loto7\extracted\loto7.csv"
"loto7","151","","2016-03-11","missing_official","","","sougaku:data\raw\loto7\extracted\loto7.csv"
"loto7","152","","2016-03-18","missing_official","","","sougaku:data\raw\loto7\extracted\loto7.csv"
"loto7","153","","2016-03-25","missing_official","","","sougaku:data\raw\loto7\extracted\loto7.csv"
"loto7","154","","2016-04-01","missing_official","","","sougaku:data\raw\loto7\extracted\loto7.csv"
"loto7","155","","2016-04-08","missing_official","","","sougaku:data\raw\loto7\extracted\loto7.csv"
"loto7","156","","2016-04-15","missing_official","","","sougaku:data\raw\loto7\extracted\loto7.csv"
"loto7","157","","2016-04-22","missing_official","","","sougaku:data\raw\loto7\extracted\loto7.csv"
"loto7","158","","2016-04-29","missing_official","","","sougaku:data\raw\loto7\extracted\loto7.csv"
"loto7","159","","2016-05-06","missing_official","","","sougaku:data\raw\loto7\extracted\loto7.csv"
"loto7","160","","2016-05-13","missing_official","","","sougaku:data\raw\loto7\extracted\loto7.csv"
"loto7","161","","2016-05-20","missing_official","","","sougaku:data\raw\loto7\extracted\loto7.csv"
"loto7","162","","2016-05-27","missing_official","","","sougaku:data\raw\loto7\extracted\loto7.csv"
"loto7","163","","2016-06-03","missing_official","","","sougaku:data\raw\loto7\extracted\loto7.csv"
"loto7","164","","2016-06-10","missing_official","","","sougaku:data\raw\loto7\extracted\loto7.csv"
"loto7","165","","2016-06-17","missing_official","","","sougaku:data\raw\loto7\extracted\loto7.csv"
"loto7","166","","2016-06-24","missing_official","","","sougaku:data\raw\loto7\extracted\loto7.csv"
"loto7","167","","2016-07-01","missing_official","","","sougaku:data\raw\loto7\extracted\loto7.csv"
"loto7","168","","2016-07-08","missing_official","","","sougaku:data\raw\loto7\extracted\loto7.csv"
"loto7","169","","2016-07-15","missing_official","","","sougaku:data\raw\loto7\extracted\loto7.csv"
"loto7","170","","2016-07-22","missing_official","","","sougaku:data\raw\loto7\extracted\loto7.csv"
"loto7","171","","2016-07-29","missing_official","","","sougaku:data\raw\loto7\extracted\loto7.csv"
"loto7","172","","2016-08-05","missing_official","","","sougaku:data\raw\loto7\extracted\loto7.csv"
"loto7","173","","2016-08-12","missing_official","","","sougaku:data\raw\loto7\extracted\loto7.csv"
"loto7","174","","2016-08-19","missing_official","","","sougaku:data\raw\loto7\extracted\loto7.csv"
"loto7","175","","2016-08-26","missing_official","","","sougaku:data\raw\loto7\extracted\loto7.csv"
"loto7","176","","2016-09-02","missing_official","","","sougaku:data\raw\loto7\extracted\loto7.csv"
"loto7","177","","2016-09-09","missing_official","","","sougaku:data\raw\loto7\extracted\loto7.csv"
"loto7","178","","2016-09-16","missing_official","","","sougaku:data\raw\loto7\extracted\loto7.csv"
"loto7","179","","2016-09-23","missing_official","","","sougaku:data\raw\loto7\extracted\loto7.csv"
"loto7","180","","2016-09-30","missing_official","","","sougaku:data\raw\loto7\extracted\loto7.csv"
"loto7","181","","2016-10-07","missing_official","","","sougaku:data\raw\loto7\extracted\loto7.csv"
"loto7","182","","2016-10-14","missing_official","","","sougaku:data\raw\loto7\extracted\loto7.csv"
"loto7","183","","2016-10-21","missing_official","","","sougaku:data\raw\loto7\extracted\loto7.csv"
"loto7","184","","2016-10-28","missing_official","","","sougaku:data\raw\loto7\extracted\loto7.csv"
"loto7","185","","2016-11-04","missing_official","","","sougaku:data\raw\loto7\extracted\loto7.csv"
"loto7","186","","2016-11-11","missing_official","","","sougaku:data\raw\loto7\extracted\loto7.csv"
"loto7","187","","2016-11-18","missing_official","","","sougaku:data\raw\loto7\extracted\loto7.csv"
"loto7","188","","2016-11-25","missing_official","","","sougaku:data\raw\loto7\extracted\loto7.csv"
"loto7","189","","2016-12-02","missing_official","","","sougaku:data\raw\loto7\extracted\loto7.csv"
"loto7","190","","2016-12-09","missing_official","","","sougaku:data\raw\loto7\extracted\loto7.csv"
"loto7","191","","2016-12-16","missing_official","","","sougaku:data\raw\loto7\extracted\loto7.csv"
"loto7","192","","2016-12-23","missing_official","","","sougaku:data\raw\loto7\extracted\loto7.csv"
"loto7","193","","2016-12-30","missing_official","","","sougaku:data\raw\loto7\extracted\loto7.csv"
"loto7","194","","2017-01-06","missing_official","","","sougaku:data\raw\loto7\extracted\loto7.csv"
"loto7","195","","2017-01-13","missing_official","","","sougaku:data\raw\loto7\extracted\loto7.csv"
"loto7","196","","2017-01-20","missing_official","","","sougaku:data\raw\loto7\extracted\loto7.csv"
"loto7","197","","2017-01-27","missing_official","","","sougaku:data\raw\loto7\extracted\loto7.csv"
"loto7","198","","2017-02-03","missing_official","","","sougaku:data\raw\loto7\extracted\loto7.csv"
"loto7","199","","2017-02-10","missing_official","","","sougaku:data\raw\loto7\extracted\loto7.csv"
"loto7","200","","2017-02-17","missing_official","","","sougaku:data\raw\loto7\extracted\loto7.csv"
"loto7","201","","2017-02-24","missing_official","","","sougaku:data\raw\loto7\extracted\loto7.csv"
"loto7","202","","2017-03-03","missing_official","","","sougaku:data\raw\loto7\extracted\loto7.csv"
"loto7","203","","2017-03-10","missing_official","","","sougaku:data\raw\loto7\extracted\loto7.csv"
"loto7","204","","2017-03-17","missing_official","","","sougaku:data\raw\loto7\extracted\loto7.csv"
"loto7","205","","2017-03-24","missing_official","","","sougaku:data\raw\loto7\extracted\loto7.csv"
"loto7","206","","2017-03-31","missing_official","","","sougaku:data\raw\loto7\extracted\loto7.csv"
"loto7","207","","2017-04-07","missing_official","","","sougaku:data\raw\loto7\extracted\loto7.csv"
"loto7","208","","2017-04-14","missing_official","","","sougaku:data\raw\loto7\extracted\loto7.csv"
"loto7","209","","2017-04-21","missing_official","","","sougaku:data\raw\loto7\extracted\loto7.csv"
"loto7","210","","2017-04-28","missing_official","","","sougaku:data\raw\loto7\extracted\loto7.csv"
"loto7","211","","2017-05-05","missing_official","","","sougaku:data\raw\loto7\extracted\loto7.csv"
"loto7","212","","2017-05-12","missing_official","","","sougaku:data\raw\loto7\extracted\loto7.csv"
"loto7","213","","2017-05-19","missing_official","","","sougaku:data\raw\loto7\extracted\loto7.csv"
"loto7","214","","2017-05-26","missing_official","","","sougaku:data\raw\loto7\extracted\loto7.csv"
"loto7","215","","2017-06-02","missing_official","","","sougaku:data\raw\loto7\extracted\loto7.csv"
"loto7","216","","2017-06-09","missing_official","","","sougaku:data\raw\loto7\extracted\loto7.csv"
"loto7","217","","2017-06-16","missing_official","","","sougaku:data\raw\loto7\extracted\loto7.csv"
"loto7","218","","2017-06-23","missing_official","","","sougaku:data\raw\loto7\extracted\loto7.csv"
"loto7","219","","2017-06-30","missing_official","","","sougaku:data\raw\loto7\extracted\loto7.csv"
"loto7","220","","2017-07-07","missing_official","","","sougaku:data\raw\loto7\extracted\loto7.csv"
"loto7","221","","2017-07-14","missing_official","","","sougaku:data\raw\loto7\extracted\loto7.csv"
"loto7","222","","2017-07-21","missing_official","","","sougaku:data\raw\loto7\extracted\loto7.csv"
"loto7","223","","2017-07-28","missing_official","","","sougaku:data\raw\loto7\extracted\loto7.csv"
"loto7","224","","2017-08-04","missing_official","","","sougaku:data\raw\loto7\extracted\loto7.csv"
"loto7","225","","2017-08-11","missing_official","","","sougaku:data\raw\loto7\extracted\loto7.csv"
"loto7","226","","2017-08-18","missing_official","","","sougaku:data\raw\loto7\extracted\loto7.csv"
"loto7","227","","2017-08-25","missing_official","","","sougaku:data\raw\loto7\extracted\loto7.csv"
"loto7","228","","2017-09-01","missing_official","","","sougaku:data\raw\loto7\extracted\loto7.csv"
"loto7","229","","2017-09-08","missing_official","","","sougaku:data\raw\loto7\extracted\loto7.csv"
"loto7","230","","2017-09-15","missing_official","","","sougaku:data\raw\loto7\extracted\loto7.csv"
"loto7","231","","2017-09-22","missing_official","","","sougaku:data\raw\loto7\extracted\loto7.csv"
"loto7","232","","2017-09-29","missing_official","","","sougaku:data\raw\loto7\extracted\loto7.csv"
"loto7","233","","2017-10-06","missing_official","","","sougaku:data\raw\loto7\extracted\loto7.csv"
"loto7","234","","2017-10-13","missing_official","","","sougaku:data\raw\loto7\extracted\loto7.csv"
"loto7","235","","2017-10-20","missing_official","","","sougaku:data\raw\loto7\extracted\loto7.csv"
"loto7","236","","2017-10-27","missing_official","","","sougaku:data\raw\loto7\extracted\loto7.csv"
"loto7","237","","2017-11-03","missing_official","","","sougaku:data\raw\loto7\extracted\loto7.csv"
"loto7","238","","2017-11-10","missing_official","","","sougaku:data\raw\loto7\extracted\loto7.csv"
"loto7","239","","2017-11-17","missing_official","","","sougaku:data\raw\loto7\extracted\loto7.csv"
"loto7","240","","2017-11-24","missing_official","","","sougaku:data\raw\loto7\extracted\loto7.csv"
"loto7","241","","2017-12-01","missing_official","","","sougaku:data\raw\loto7\extracted\loto7.csv"
"loto7","242","","2017-12-08","missing_official","","","sougaku:data\raw\loto7\extracted\loto7.csv"
"loto7","243","","2017-12-15","missing_official","","","sougaku:data\raw\loto7\extracted\loto7.csv"
"loto7","244","","2017-12-22","missing_official","","","sougaku:data\raw\loto7\extracted\loto7.csv"
"loto7","245","","2017-12-29","missing_official","","","sougaku:data\raw\loto7\extracted\loto7.csv"
"loto7","246","","2018-01-05","missing_official","","","sougaku:data\raw\loto7\extracted\loto7.csv"
"loto7","247","","2018-01-12","missing_official","","","sougaku:data\raw\loto7\extracted\loto7.csv"
"loto7","248","","2018-01-19","missing_official","","","sougaku:data\raw\loto7\extracted\loto7.csv"
"loto7","249","","2018-01-26","missing_official","","","sougaku:data\raw\loto7\extracted\loto7.csv"
"loto7","250","","2018-02-02","missing_official","","","sougaku:data\raw\loto7\extracted\loto7.csv"
"loto7","251","","2018-02-09","missing_official","","","sougaku:data\raw\loto7\extracted\loto7.csv"
"loto7","252","","2018-02-16","missing_official","","","sougaku:data\raw\loto7\extracted\loto7.csv"
"loto7","253","","2018-02-23","missing_official","","","sougaku:data\raw\loto7\extracted\loto7.csv"
"loto7","254","","2018-03-02","missing_official","","","sougaku:data\raw\loto7\extracted\loto7.csv"
"loto7","255","","2018-03-09","missing_official","","","sougaku:data\raw\loto7\extracted\loto7.csv"
"loto7","256","","2018-03-16","missing_official","","","sougaku:data\raw\loto7\extracted\loto7.csv"
"loto7","257","","2018-03-23","missing_official","","","sougaku:data\raw\loto7\extracted\loto7.csv"
"loto7","258","","2018-03-30","missing_official","","","sougaku:data\raw\loto7\extracted\loto7.csv"
"loto7","259","","2018-04-06","missing_official","","","sougaku:data\raw\loto7\extracted\loto7.csv"
"loto7","260","","2018-04-13","missing_official","","","sougaku:data\raw\loto7\extracted\loto7.csv"
"loto7","261","","2018-04-20","missing_official","","","sougaku:data\raw\loto7\extracted\loto7.csv"
"loto7","262","","2018-04-27","missing_official","","","sougaku:data\raw\loto7\extracted\loto7.csv"
"loto7","263","","2018-05-04","missing_official","","","sougaku:data\raw\loto7\extracted\loto7.csv"
"loto7","264","","2018-05-11","missing_official","","","sougaku:data\raw\loto7\extracted\loto7.csv"
"loto7","265","","2018-05-18","missing_official","","","sougaku:data\raw\loto7\extracted\loto7.csv"
"loto7","266","","2018-05-25","missing_official","","","sougaku:data\raw\loto7\extracted\loto7.csv"
"loto7","267","","2018-06-01","missing_official","","","sougaku:data\raw\loto7\extracted\loto7.csv"
"loto7","268","","2018-06-08","missing_official","","","sougaku:data\raw\loto7\extracted\loto7.csv"
"loto7","269","","2018-06-15","missing_official","","","sougaku:data\raw\loto7\extracted\loto7.csv"
"loto7","270","","2018-06-22","missing_official","","","sougaku:data\raw\loto7\extracted\loto7.csv"
"loto7","271","","2018-06-29","missing_official","","","sougaku:data\raw\loto7\extracted\loto7.csv"
"loto7","272","","2018-07-06","missing_official","","","sougaku:data\raw\loto7\extracted\loto7.csv"
"loto7","273","","2018-07-13","missing_official","","","sougaku:data\raw\loto7\extracted\loto7.csv"
"loto7","274","","2018-07-20","missing_official","","","sougaku:data\raw\loto7\extracted\loto7.csv"
"loto7","275","","2018-07-27","missing_official","","","sougaku:data\raw\loto7\extracted\loto7.csv"
"loto7","276","","2018-08-03","missing_official","","","sougaku:data\raw\loto7\extracted\loto7.csv"
"loto7","277","","2018-08-10","missing_official","","","sougaku:data\raw\loto7\extracted\loto7.csv"
"loto7","278","","2018-08-17","missing_official","","","sougaku:data\raw\loto7\extracted\loto7.csv"
"loto7","279","","2018-08-24","missing_official","","","sougaku:data\raw\loto7\extracted\loto7.csv"
"loto7","280","","2018-08-31","missing_official","","","sougaku:data\raw\loto7\extracted\loto7.csv"
"loto7","281","","2018-09-07","missing_official","","","sougaku:data\raw\loto7\extracted\loto7.csv"
"loto7","282","","2018-09-14","missing_official","","","sougaku:data\raw\loto7\extracted\loto7.csv"
"loto7","283","","2018-09-21","missing_official","","","sougaku:data\raw\loto7\extracted\loto7.csv"
"loto7","284","","2018-09-28","missing_official","","","sougaku:data\raw\loto7\extracted\loto7.csv"
"loto7","285","","2018-10-05","missing_official","","","sougaku:data\raw\loto7\extracted\loto7.csv"
"loto7","286","","2018-10-12","missing_official","","","sougaku:data\raw\loto7\extracted\loto7.csv"
"loto7","287","","2018-10-19","missing_official","","","sougaku:data\raw\loto7\extracted\loto7.csv"
"loto7","288","","2018-10-26","missing_official","","","sougaku:data\raw\loto7\extracted\loto7.csv"
"loto7","289","","2018-11-02","missing_official","","","sougaku:data\raw\loto7\extracted\loto7.csv"
"loto7","290","","2018-11-09","missing_official","","","sougaku:data\raw\loto7\extracted\loto7.csv"
"loto7","291","","2018-11-16","missing_official","","","sougaku:data\raw\loto7\extracted\loto7.csv"
"loto7","292","","2018-11-23","missing_official","","","sougaku:data\raw\loto7\extracted\loto7.csv"
"loto7","293","","2018-11-30","missing_official","","","sougaku:data\raw\loto7\extracted\loto7.csv"
"loto7","294","","2018-12-07","missing_official","","","sougaku:data\raw\loto7\extracted\loto7.csv"
"loto7","295","","2018-12-14","missing_official","","","sougaku:data\raw\loto7\extracted\loto7.csv"
"loto7","296","","2018-12-21","missing_official","","","sougaku:data\raw\loto7\extracted\loto7.csv"
"loto7","297","","2018-12-28","missing_official","","","sougaku:data\raw\loto7\extracted\loto7.csv"
"loto7","298","","2019-01-04","missing_official","","","sougaku:data\raw\loto7\extracted\loto7.csv"
"loto7","299","","2019-01-11","missing_official","","","sougaku:data\raw\loto7\extracted\loto7.csv"
"loto7","300","","2019-01-18","missing_official","","","sougaku:data\raw\loto7\extracted\loto7.csv"
"loto7","301","","2019-01-25","missing_official","","","sougaku:data\raw\loto7\extracted\loto7.csv"
"loto7","302","","2019-02-01","missing_official","","","sougaku:data\raw\loto7\extracted\loto7.csv"
"loto7","303","","2019-02-08","missing_official","","","sougaku:data\raw\loto7\extracted\loto7.csv"
"loto7","304","","2019-02-15","missing_official","","","sougaku:data\raw\loto7\extracted\loto7.csv"
"loto7","305","","2019-02-22","missing_official","","","sougaku:data\raw\loto7\extracted\loto7.csv"
"loto7","306","","2019-03-01","missing_official","","","sougaku:data\raw\loto7\extracted\loto7.csv"
"loto7","307","","2019-03-08","missing_official","","","sougaku:data\raw\loto7\extracted\loto7.csv"
"loto7","308","","2019-03-15","missing_official","","","sougaku:data\raw\loto7\extracted\loto7.csv"
"loto7","309","","2019-03-22","missing_official","","","sougaku:data\raw\loto7\extracted\loto7.csv"
"loto7","310","","2019-03-29","missing_official","","","sougaku:data\raw\loto7\extracted\loto7.csv"
"loto7","311","","2019-04-05","missing_official","","","sougaku:data\raw\loto7\extracted\loto7.csv"
"loto7","312","","2019-04-12","missing_official","","","sougaku:data\raw\loto7\extracted\loto7.csv"
"loto7","313","","2019-04-19","missing_official","","","sougaku:data\raw\loto7\extracted\loto7.csv"
"loto7","314","","2019-04-26","missing_official","","","sougaku:data\raw\loto7\extracted\loto7.csv"
"loto7","315","","2019-05-03","missing_official","","","sougaku:data\raw\loto7\extracted\loto7.csv"
"loto7","316","","2019-05-10","missing_official","","","sougaku:data\raw\loto7\extracted\loto7.csv"
"loto7","317","","2019-05-17","missing_official","","","sougaku:data\raw\loto7\extracted\loto7.csv"
"loto7","318","","2019-05-24","missing_official","","","sougaku:data\raw\loto7\extracted\loto7.csv"
"loto7","319","","2019-05-31","missing_official","","","sougaku:data\raw\loto7\extracted\loto7.csv"
"loto7","320","","2019-06-07","missing_official","","","sougaku:data\raw\loto7\extracted\loto7.csv"
"loto7","321","","2019-06-14","missing_official","","","sougaku:data\raw\loto7\extracted\loto7.csv"
"loto7","322","","2019-06-21","missing_official","","","sougaku:data\raw\loto7\extracted\loto7.csv"
"loto7","323","","2019-06-28","missing_official","","","sougaku:data\raw\loto7\extracted\loto7.csv"
"loto7","324","","2019-07-05","missing_official","","","sougaku:data\raw\loto7\extracted\loto7.csv"
"loto7","325","","2019-07-12","missing_official","","","sougaku:data\raw\loto7\extracted\loto7.csv"
"loto7","326","","2019-07-19","missing_official","","","sougaku:data\raw\loto7\extracted\loto7.csv"
"loto7","327","","2019-07-26","missing_official","","","sougaku:data\raw\loto7\extracted\loto7.csv"
"loto7","328","","2019-08-02","missing_official","","","sougaku:data\raw\loto7\extracted\loto7.csv"
"loto7","329","","2019-08-09","missing_official","","","sougaku:data\raw\loto7\extracted\loto7.csv"
"loto7","330","","2019-08-16","missing_official","","","sougaku:data\raw\loto7\extracted\loto7.csv"
"loto7","331","","2019-08-23","missing_official","","","sougaku:data\raw\loto7\extracted\loto7.csv"
"loto7","332","","2019-08-30","missing_official","","","sougaku:data\raw\loto7\extracted\loto7.csv"
"loto7","333","","2019-09-06","missing_official","","","sougaku:data\raw\loto7\extracted\loto7.csv"
"loto7","334","","2019-09-13","missing_official","","","sougaku:data\raw\loto7\extracted\loto7.csv"
"loto7","335","","2019-09-20","missing_official","","","sougaku:data\raw\loto7\extracted\loto7.csv"
"loto7","336","","2019-09-27","missing_official","","","sougaku:data\raw\loto7\extracted\loto7.csv"
"loto7","337","","2019-10-04","missing_official","","","sougaku:data\raw\loto7\extracted\loto7.csv"
"loto7","338","","2019-10-11","missing_official","","","sougaku:data\raw\loto7\extracted\loto7.csv"
"loto7","339","","2019-10-18","missing_official","","","sougaku:data\raw\loto7\extracted\loto7.csv"
"loto7","340","","2019-10-25","missing_official","","","sougaku:data\raw\loto7\extracted\loto7.csv"
"loto7","341","","2019-11-01","missing_official","","","sougaku:data\raw\loto7\extracted\loto7.csv"
"loto7","342","","2019-11-08","missing_official","","","sougaku:data\raw\loto7\extracted\loto7.csv"
"loto7","343","","2019-11-15","missing_official","","","sougaku:data\raw\loto7\extracted\loto7.csv"
"loto7","344","","2019-11-22","missing_official","","","sougaku:data\raw\loto7\extracted\loto7.csv"
"loto7","345","","2019-11-29","missing_official","","","sougaku:data\raw\loto7\extracted\loto7.csv"
"loto7","346","","2019-12-06","missing_official","","","sougaku:data\raw\loto7\extracted\loto7.csv"
"loto7","347","","2019-12-13","missing_official","","","sougaku:data\raw\loto7\extracted\loto7.csv"
"loto7","348","","2019-12-20","missing_official","","","sougaku:data\raw\loto7\extracted\loto7.csv"
"loto7","349","","2019-12-27","missing_official","","","sougaku:data\raw\loto7\extracted\loto7.csv"
"loto7","350","","2020-01-10","missing_official","","","sougaku:data\raw\loto7\extracted\loto7.csv"
"loto7","351","","2020-01-17","missing_official","","","sougaku:data\raw\loto7\extracted\loto7.csv"
"loto7","352","","2020-01-24","missing_official","","","sougaku:data\raw\loto7\extracted\loto7.csv"
"loto7","353","","2020-01-31","missing_official","","","sougaku:data\raw\loto7\extracted\loto7.csv"
"loto7","354","","2020-02-07","missing_official","","","sougaku:data\raw\loto7\extracted\loto7.csv"
"loto7","355","","2020-02-14","missing_official","","","sougaku:data\raw\loto7\extracted\loto7.csv"
"loto7","356","","2020-02-21","missing_official","","","sougaku:data\raw\loto7\extracted\loto7.csv"
"loto7","357","","2020-02-28","missing_official","","","sougaku:data\raw\loto7\extracted\loto7.csv"
"loto7","358","","2020-03-06","missing_official","","","sougaku:data\raw\loto7\extracted\loto7.csv"
"loto7","359","","2020-03-13","missing_official","","","sougaku:data\raw\loto7\extracted\loto7.csv"
"loto7","360","","2020-03-20","missing_official","","","sougaku:data\raw\loto7\extracted\loto7.csv"
"loto7","361","","2020-03-27","missing_official","","","sougaku:data\raw\loto7\extracted\loto7.csv"
"loto7","362","","2020-04-03","missing_official","","","sougaku:data\raw\loto7\extracted\loto7.csv"
"loto7","363","","2020-04-10","missing_official","","","sougaku:data\raw\loto7\extracted\loto7.csv"
"loto7","364","","2020-04-17","missing_official","","","sougaku:data\raw\loto7\extracted\loto7.csv"
"loto7","365","","2020-04-24","missing_official","","","sougaku:data\raw\loto7\extracted\loto7.csv"
"loto7","366","","2020-05-01","missing_official","","","sougaku:data\raw\loto7\extracted\loto7.csv"
"loto7","367","","2020-05-08","missing_official","","","sougaku:data\raw\loto7\extracted\loto7.csv"
"loto7","368","","2020-05-15","missing_official","","","sougaku:data\raw\loto7\extracted\loto7.csv"
"loto7","369","","2020-05-22","missing_official","","","sougaku:data\raw\loto7\extracted\loto7.csv"
"loto7","370","","2020-05-29","missing_official","","","sougaku:data\raw\loto7\extracted\loto7.csv"
"loto7","371","","2020-06-05","missing_official","","","sougaku:data\raw\loto7\extracted\loto7.csv"
"loto7","372","","2020-06-12","missing_official","","","sougaku:data\raw\loto7\extracted\loto7.csv"
"loto7","373","","2020-06-19","missing_official","","","sougaku:data\raw\loto7\extracted\loto7.csv"
"loto7","374","","2020-06-26","missing_official","","","sougaku:data\raw\loto7\extracted\loto7.csv"
"loto7","375","","2020-07-03","missing_official","","","sougaku:data\raw\loto7\extracted\loto7.csv"
"loto7","376","","2020-07-10","missing_official","","","sougaku:data\raw\loto7\extracted\loto7.csv"
"loto7","377","","2020-07-17","missing_official","","","sougaku:data\raw\loto7\extracted\loto7.csv"
"loto7","378","","2020-07-24","missing_official","","","sougaku:data\raw\loto7\extracted\loto7.csv"
"loto7","379","","2020-07-31","missing_official","","","sougaku:data\raw\loto7\extracted\loto7.csv"
"loto7","380","","2020-08-07","missing_official","","","sougaku:data\raw\loto7\extracted\loto7.csv"
"loto7","381","","2020-08-14","missing_official","","","sougaku:data\raw\loto7\extracted\loto7.csv"
"loto7","382","","2020-08-21","missing_official","","","sougaku:data\raw\loto7\extracted\loto7.csv"
"loto7","383","","2020-08-28","missing_official","","","sougaku:data\raw\loto7\extracted\loto7.csv"
"loto7","384","","2020-09-04","missing_official","","","sougaku:data\raw\loto7\extracted\loto7.csv"
"loto7","385","","2020-09-11","missing_official","","","sougaku:data\raw\loto7\extracted\loto7.csv"
"loto7","386","","2020-09-18","missing_official","","","sougaku:data\raw\loto7\extracted\loto7.csv"
"loto7","387","","2020-09-25","missing_official","","","sougaku:data\raw\loto7\extracted\loto7.csv"
"loto7","388","","2020-10-02","missing_official","","","sougaku:data\raw\loto7\extracted\loto7.csv"
"loto7","389","","2020-10-09","missing_official","","","sougaku:data\raw\loto7\extracted\loto7.csv"
"loto7","390","","2020-10-16","missing_official","","","sougaku:data\raw\loto7\extracted\loto7.csv"
"loto7","391","","2020-10-23","missing_official","","","sougaku:data\raw\loto7\extracted\loto7.csv"
"loto7","392","","2020-10-30","missing_official","","","sougaku:data\raw\loto7\extracted\loto7.csv"
"loto7","393","","2020-11-06","missing_official","","","sougaku:data\raw\loto7\extracted\loto7.csv"
"loto7","394","","2020-11-13","missing_official","","","sougaku:data\raw\loto7\extracted\loto7.csv"
"loto7","395","","2020-11-20","missing_official","","","sougaku:data\raw\loto7\extracted\loto7.csv"
"loto7","396","","2020-11-27","missing_official","","","sougaku:data\raw\loto7\extracted\loto7.csv"
"loto7","397","","2020-12-04","missing_official","","","sougaku:data\raw\loto7\extracted\loto7.csv"
"loto7","398","","2020-12-11","missing_official","","","sougaku:data\raw\loto7\extracted\loto7.csv"
"loto7","399","","2020-12-18","missing_official","","","sougaku:data\raw\loto7\extracted\loto7.csv"
"loto7","400","","2020-12-25","missing_official","","","sougaku:data\raw\loto7\extracted\loto7.csv"
"loto7","401","","2021-01-08","missing_official","","","sougaku:data\raw\loto7\extracted\loto7.csv"
"loto7","402","","2021-01-15","missing_official","","","sougaku:data\raw\loto7\extracted\loto7.csv"
"loto7","403","","2021-01-22","missing_official","","","sougaku:data\raw\loto7\extracted\loto7.csv"
"loto7","404","","2021-01-29","missing_official","","","sougaku:data\raw\loto7\extracted\loto7.csv"
"loto7","405","","2021-02-05","missing_official","","","sougaku:data\raw\loto7\extracted\loto7.csv"
"loto7","406","","2021-02-12","missing_official","","","sougaku:data\raw\loto7\extracted\loto7.csv"
"loto7","407","","2021-02-19","missing_official","","","sougaku:data\raw\loto7\extracted\loto7.csv"
"loto7","408","","2021-02-26","missing_official","","","sougaku:data\raw\loto7\extracted\loto7.csv"
"loto7","409","","2021-03-05","missing_official","","","sougaku:data\raw\loto7\extracted\loto7.csv"
"loto7","410","","2021-03-12","missing_official","","","sougaku:data\raw\loto7\extracted\loto7.csv"
"loto7","411","","2021-03-19","missing_official","","","sougaku:data\raw\loto7\extracted\loto7.csv"
"loto7","412","","2021-03-26","missing_official","","","sougaku:data\raw\loto7\extracted\loto7.csv"
"loto7","413","","2021-04-02","missing_official","","","sougaku:data\raw\loto7\extracted\loto7.csv"
"loto7","414","","2021-04-09","missing_official","","","sougaku:data\raw\loto7\extracted\loto7.csv"
"loto7","415","","2021-04-16","missing_official","","","sougaku:data\raw\loto7\extracted\loto7.csv"
"loto7","416","","2021-04-23","missing_official","","","sougaku:data\raw\loto7\extracted\loto7.csv"
"loto7","417","","2021-04-30","missing_official","","","sougaku:data\raw\loto7\extracted\loto7.csv"
"loto7","418","","2021-05-07","missing_official","","","sougaku:data\raw\loto7\extracted\loto7.csv"
"loto7","419","","2021-05-14","missing_official","","","sougaku:data\raw\loto7\extracted\loto7.csv"
"loto7","420","","2021-05-21","missing_official","","","sougaku:data\raw\loto7\extracted\loto7.csv"
"loto7","421","","2021-05-28","missing_official","","","sougaku:data\raw\loto7\extracted\loto7.csv"
"loto7","422","","2021-06-04","missing_official","","","sougaku:data\raw\loto7\extracted\loto7.csv"
"loto7","423","","2021-06-11","missing_official","","","sougaku:data\raw\loto7\extracted\loto7.csv"
"loto7","424","","2021-06-18","missing_official","","","sougaku:data\raw\loto7\extracted\loto7.csv"
"loto7","425","","2021-06-25","missing_official","","","sougaku:data\raw\loto7\extracted\loto7.csv"
"loto7","426","","2021-07-02","missing_official","","","sougaku:data\raw\loto7\extracted\loto7.csv"
"loto7","427","","2021-07-09","missing_official","","","sougaku:data\raw\loto7\extracted\loto7.csv"
"loto7","428","","2021-07-16","missing_official","","","sougaku:data\raw\loto7\extracted\loto7.csv"
"loto7","429","","2021-07-23","missing_official","","","sougaku:data\raw\loto7\extracted\loto7.csv"
"loto7","430","","2021-07-30","missing_official","","","sougaku:data\raw\loto7\extracted\loto7.csv"
"loto7","431","","2021-08-06","missing_official","","","sougaku:data\raw\loto7\extracted\loto7.csv"
"loto7","432","","2021-08-13","missing_official","","","sougaku:data\raw\loto7\extracted\loto7.csv"
"loto7","433","","2021-08-20","missing_official","","","sougaku:data\raw\loto7\extracted\loto7.csv"
"loto7","434","","2021-08-27","missing_official","","","sougaku:data\raw\loto7\extracted\loto7.csv"
"loto7","435","","2021-09-03","missing_official","","","sougaku:data\raw\loto7\extracted\loto7.csv"
"loto7","436","","2021-09-10","missing_official","","","sougaku:data\raw\loto7\extracted\loto7.csv"
"loto7","437","","2021-09-17","missing_official","","","sougaku:data\raw\loto7\extracted\loto7.csv"
"loto7","438","","2021-09-24","missing_official","","","sougaku:data\raw\loto7\extracted\loto7.csv"
"loto7","439","","2021-10-01","missing_official","","","sougaku:data\raw\loto7\extracted\loto7.csv"
"loto7","440","","2021-10-08","missing_official","","","sougaku:data\raw\loto7\extracted\loto7.csv"
"loto7","441","","2021-10-15","missing_official","","","sougaku:data\raw\loto7\extracted\loto7.csv"
"loto7","442","","2021-10-22","missing_official","","","sougaku:data\raw\loto7\extracted\loto7.csv"
"loto7","443","","2021-10-29","missing_official","","","sougaku:data\raw\loto7\extracted\loto7.csv"
"loto7","444","","2021-11-05","missing_official","","","sougaku:data\raw\loto7\extracted\loto7.csv"
"loto7","445","","2021-11-12","missing_official","","","sougaku:data\raw\loto7\extracted\loto7.csv"
"loto7","446","","2021-11-19","missing_official","","","sougaku:data\raw\loto7\extracted\loto7.csv"
"loto7","447","","2021-11-26","missing_official","","","sougaku:data\raw\loto7\extracted\loto7.csv"
"loto7","448","","2021-12-03","missing_official","","","sougaku:data\raw\loto7\extracted\loto7.csv"
"loto7","449","","2021-12-10","missing_official","","","sougaku:data\raw\loto7\extracted\loto7.csv"
"loto7","450","","2021-12-17","missing_official","","","sougaku:data\raw\loto7\extracted\loto7.csv"
"loto7","451","","2021-12-24","missing_official","","","sougaku:data\raw\loto7\extracted\loto7.csv"
"loto7","452","","2022-01-07","missing_official","","","sougaku:data\raw\loto7\extracted\loto7.csv"
"loto7","453","","2022-01-14","missing_official","","","sougaku:data\raw\loto7\extracted\loto7.csv"
"loto7","454","","2022-01-21","missing_official","","","sougaku:data\raw\loto7\extracted\loto7.csv"
"loto7","455","","2022-01-28","missing_official","","","sougaku:data\raw\loto7\extracted\loto7.csv"
"loto7","456","","2022-02-04","missing_official","","","sougaku:data\raw\loto7\extracted\loto7.csv"
"loto7","457","","2022-02-11","missing_official","","","sougaku:data\raw\loto7\extracted\loto7.csv"
"loto7","458","","2022-02-18","missing_official","","","sougaku:data\raw\loto7\extracted\loto7.csv"
"loto7","459","","2022-02-25","missing_official","","","sougaku:data\raw\loto7\extracted\loto7.csv"
"loto7","460","","2022-03-04","missing_official","","","sougaku:data\raw\loto7\extracted\loto7.csv"
"loto7","461","","2022-03-11","missing_official","","","sougaku:data\raw\loto7\extracted\loto7.csv"
"loto7","462","","2022-03-18","missing_official","","","sougaku:data\raw\loto7\extracted\loto7.csv"
"loto7","463","","2022-03-25","missing_official","","","sougaku:data\raw\loto7\extracted\loto7.csv"
"loto7","464","","2022-04-01","missing_official","","","sougaku:data\raw\loto7\extracted\loto7.csv"
"loto7","465","","2022-04-08","missing_official","","","sougaku:data\raw\loto7\extracted\loto7.csv"
"loto7","466","","2022-04-15","missing_official","","","sougaku:data\raw\loto7\extracted\loto7.csv"
"loto7","467","","2022-04-22","missing_official","","","sougaku:data\raw\loto7\extracted\loto7.csv"
"loto7","468","","2022-04-29","missing_official","","","sougaku:data\raw\loto7\extracted\loto7.csv"
"loto7","469","","2022-05-06","missing_official","","","sougaku:data\raw\loto7\extracted\loto7.csv"
"loto7","470","","2022-05-13","missing_official","","","sougaku:data\raw\loto7\extracted\loto7.csv"
"loto7","471","","2022-05-20","missing_official","","","sougaku:data\raw\loto7\extracted\loto7.csv"
"loto7","472","","2022-05-27","missing_official","","","sougaku:data\raw\loto7\extracted\loto7.csv"
"loto7","473","","2022-06-03","missing_official","","","sougaku:data\raw\loto7\extracted\loto7.csv"
"loto7","474","","2022-06-10","missing_official","","","sougaku:data\raw\loto7\extracted\loto7.csv"
"loto7","475","","2022-06-17","missing_official","","","sougaku:data\raw\loto7\extracted\loto7.csv"
"loto7","476","","2022-06-24","missing_official","","","sougaku:data\raw\loto7\extracted\loto7.csv"
"loto7","477","","2022-07-01","missing_official","","","sougaku:data\raw\loto7\extracted\loto7.csv"
"loto7","478","","2022-07-08","missing_official","","","sougaku:data\raw\loto7\extracted\loto7.csv"
"loto7","479","","2022-07-15","missing_official","","","sougaku:data\raw\loto7\extracted\loto7.csv"
"loto7","480","","2022-07-22","missing_official","","","sougaku:data\raw\loto7\extracted\loto7.csv"
"loto7","481","","2022-07-29","missing_official","","","sougaku:data\raw\loto7\extracted\loto7.csv"
"loto7","482","","2022-08-05","missing_official","","","sougaku:data\raw\loto7\extracted\loto7.csv"
"loto7","483","","2022-08-13","missing_official","","","sougaku:data\raw\loto7\extracted\loto7.csv"
"loto7","484","","2022-08-19","missing_official","","","sougaku:data\raw\loto7\extracted\loto7.csv"
"loto7","485","","2022-08-26","missing_official","","","sougaku:data\raw\loto7\extracted\loto7.csv"
"loto7","486","","2022-09-02","missing_official","","","sougaku:data\raw\loto7\extracted\loto7.csv"
"loto7","487","","2022-09-09","missing_official","","","sougaku:data\raw\loto7\extracted\loto7.csv"
"loto7","488","","2022-09-16","missing_official","","","sougaku:data\raw\loto7\extracted\loto7.csv"
"loto7","489","","2022-09-23","missing_official","","","sougaku:data\raw\loto7\extracted\loto7.csv"
"loto7","490","","2022-09-30","missing_official","","","sougaku:data\raw\loto7\extracted\loto7.csv"
"loto7","491","","2022-10-07","missing_official","","","sougaku:data\raw\loto7\extracted\loto7.csv"
"loto7","492","","2022-10-14","missing_official","","","sougaku:data\raw\loto7\extracted\loto7.csv"
"loto7","493","","2022-10-21","missing_official","","","sougaku:data\raw\loto7\extracted\loto7.csv"
"loto7","494","","2022-10-28","missing_official","","","sougaku:data\raw\loto7\extracted\loto7.csv"
"loto7","495","","2022-11-04","missing_official","","","sougaku:data\raw\loto7\extracted\loto7.csv"
"loto7","496","","2022-11-11","missing_official","","","sougaku:data\raw\loto7\extracted\loto7.csv"
"loto7","497","","2022-11-18","missing_official","","","sougaku:data\raw\loto7\extracted\loto7.csv"
"loto7","498","","2022-11-25","missing_official","","","sougaku:data\raw\loto7\extracted\loto7.csv"
"loto7","499","","2022-12-02","missing_official","","","sougaku:data\raw\loto7\extracted\loto7.csv"
"loto7","500","","2022-12-09","missing_official","","","sougaku:data\raw\loto7\extracted\loto7.csv"
"loto7","501","","2022-12-16","missing_official","","","sougaku:data\raw\loto7\extracted\loto7.csv"
"loto7","502","","2022-12-23","missing_official","","","sougaku:data\raw\loto7\extracted\loto7.csv"
"loto7","503","","2022-12-30","missing_official","","","sougaku:data\raw\loto7\extracted\loto7.csv"
"loto7","504","","2023-01-06","missing_official","","","sougaku:data\raw\loto7\extracted\loto7.csv"
"loto7","505","","2023-01-13","missing_official","","","sougaku:data\raw\loto7\extracted\loto7.csv"
"loto7","506","","2023-01-20","missing_official","","","sougaku:data\raw\loto7\extracted\loto7.csv"
"loto7","507","","2023-01-27","missing_official","","","sougaku:data\raw\loto7\extracted\loto7.csv"
"loto7","508","","2023-02-03","missing_official","","","sougaku:data\raw\loto7\extracted\loto7.csv"
"loto7","509","","2023-02-10","missing_official","","","sougaku:data\raw\loto7\extracted\loto7.csv"
"loto7","510","","2023-02-17","missing_official","","","sougaku:data\raw\loto7\extracted\loto7.csv"
"loto7","511","","2023-02-24","missing_official","","","sougaku:data\raw\loto7\extracted\loto7.csv"
"loto7","512","","2023-03-03","missing_official","","","sougaku:data\raw\loto7\extracted\loto7.csv"
"loto7","513","","2023-03-10","missing_official","","","sougaku:data\raw\loto7\extracted\loto7.csv"
"loto7","514","","2023-03-17","missing_official","","","sougaku:data\raw\loto7\extracted\loto7.csv"
"loto7","515","","2023-03-24","missing_official","","","sougaku:data\raw\loto7\extracted\loto7.csv"
"loto7","516","","2023-03-31","missing_official","","","sougaku:data\raw\loto7\extracted\loto7.csv"
"loto7","517","","2023-04-07","missing_official","","","sougaku:data\raw\loto7\extracted\loto7.csv"
"loto7","518","","2023-04-14","missing_official","","","sougaku:data\raw\loto7\extracted\loto7.csv"
"loto7","519","","2023-04-21","missing_official","","","sougaku:data\raw\loto7\extracted\loto7.csv"
"loto7","520","","2023-04-28","missing_official","","","sougaku:data\raw\loto7\extracted\loto7.csv"
"loto7","521","","2023-05-05","missing_official","","","sougaku:data\raw\loto7\extracted\loto7.csv"
"loto7","522","","2023-05-12","missing_official","","","sougaku:data\raw\loto7\extracted\loto7.csv"
"loto7","523","","2023-05-19","missing_official","","","sougaku:data\raw\loto7\extracted\loto7.csv"
"loto7","524","","2023-05-26","missing_official","","","sougaku:data\raw\loto7\extracted\loto7.csv"
"loto7","525","","2023-06-02","missing_official","","","sougaku:data\raw\loto7\extracted\loto7.csv"
"loto7","526","","2023-06-09","missing_official","","","sougaku:data\raw\loto7\extracted\loto7.csv"
"loto7","527","","2023-06-16","missing_official","","","sougaku:data\raw\loto7\extracted\loto7.csv"
"loto7","528","","2023-06-23","missing_official","","","sougaku:data\raw\loto7\extracted\loto7.csv"
"loto7","529","","2023-06-30","missing_official","","","sougaku:data\raw\loto7\extracted\loto7.csv"
"loto7","530","","2023-07-07","missing_official","","","sougaku:data\raw\loto7\extracted\loto7.csv"
"loto7","531","","2023-07-14","missing_official","","","sougaku:data\raw\loto7\extracted\loto7.csv"
"loto7","532","","2023-07-21","missing_official","","","sougaku:data\raw\loto7\extracted\loto7.csv"
"loto7","533","","2023-07-28","missing_official","","","sougaku:data\raw\loto7\extracted\loto7.csv"
"loto7","534","","2023-08-04","missing_official","","","sougaku:data\raw\loto7\extracted\loto7.csv"
"loto7","535","","2023-08-11","missing_official","","","sougaku:data\raw\loto7\extracted\loto7.csv"
"loto7","536","","2023-08-18","missing_official","","","sougaku:data\raw\loto7\extracted\loto7.csv"
"loto7","537","","2023-08-25","missing_official","","","sougaku:data\raw\loto7\extracted\loto7.csv"
"loto7","538","","2023-09-01","missing_official","","","sougaku:data\raw\loto7\extracted\loto7.csv"
"loto7","539","","2023-09-08","missing_official","","","sougaku:data\raw\loto7\extracted\loto7.csv"
"loto7","540","","2023-09-15","missing_official","","","sougaku:data\raw\loto7\extracted\loto7.csv"
"loto7","541","","2023-09-22","missing_official","","","sougaku:data\raw\loto7\extracted\loto7.csv"
"loto7","542","","2023-09-29","missing_official","","","sougaku:data\raw\loto7\extracted\loto7.csv"
"loto7","543","","2023-10-06","missing_official","","","sougaku:data\raw\loto7\extracted\loto7.csv"
"loto7","544","","2023-10-13","missing_official","","","sougaku:data\raw\loto7\extracted\loto7.csv"
"loto7","545","","2023-10-20","missing_official","","","sougaku:data\raw\loto7\extracted\loto7.csv"
"loto7","546","","2023-10-27","missing_official","","","sougaku:data\raw\loto7\extracted\loto7.csv"
"loto7","547","","2023-11-03","missing_official","","","sougaku:data\raw\loto7\extracted\loto7.csv"
"loto7","548","","2023-11-10","missing_official","","","sougaku:data\raw\loto7\extracted\loto7.csv"
"loto7","549","","2023-11-17","missing_official","","","sougaku:data\raw\loto7\extracted\loto7.csv"
"loto7","550","","2023-11-24","missing_official","","","sougaku:data\raw\loto7\extracted\loto7.csv"
"loto7","551","","2023-12-01","missing_official","","","sougaku:data\raw\loto7\extracted\loto7.csv"
"loto7","552","","2023-12-08","missing_official","","","sougaku:data\raw\loto7\extracted\loto7.csv"
"loto7","553","","2023-12-15","missing_official","","","sougaku:data\raw\loto7\extracted\loto7.csv"
"loto7","554","","2023-12-22","missing_official","","","sougaku:data\raw\loto7\extracted\loto7.csv"
"loto7","555","","2023-12-29","missing_official","","","sougaku:data\raw\loto7\extracted\loto7.csv"
"loto7","556","","2024-01-05","missing_official","","","sougaku:data\raw\loto7\extracted\loto7.csv"
"loto7","557","","2024-01-12","missing_official","","","sougaku:data\raw\loto7\extracted\loto7.csv"
"loto7","558","","2024-01-19","missing_official","","","sougaku:data\raw\loto7\extracted\loto7.csv"
"loto7","559","","2024-01-26","missing_official","","","sougaku:data\raw\loto7\extracted\loto7.csv"
"loto7","560","","2024-02-02","missing_official","","","sougaku:data\raw\loto7\extracted\loto7.csv"
"loto7","561","","2024-02-09","missing_official","","","sougaku:data\raw\loto7\extracted\loto7.csv"
"loto7","562","","2024-02-16","missing_official","","","sougaku:data\raw\loto7\extracted\loto7.csv"
"loto7","563","","2024-02-23","missing_official","","","sougaku:data\raw\loto7\extracted\loto7.csv"
"loto7","564","","2024-03-01","missing_official","","","sougaku:data\raw\loto7\extracted\loto7.csv"
"loto7","565","","2024-03-08","missing_official","","","sougaku:data\raw\loto7\extracted\loto7.csv"
"loto7","566","","2024-03-15","missing_official","","","sougaku:data\raw\loto7\extracted\loto7.csv"
"loto7","567","","2024-03-22","missing_official","","","sougaku:data\raw\loto7\extracted\loto7.csv"
"loto7","568","","2024-03-29","missing_official","","","sougaku:data\raw\loto7\extracted\loto7.csv"
"loto7","569","","2024-04-05","missing_official","","","sougaku:data\raw\loto7\extracted\loto7.csv"
"loto7","570","","2024-04-12","missing_official","","","sougaku:data\raw\loto7\extracted\loto7.csv"
"loto7","571","","2024-04-19","missing_official","","","sougaku:data\raw\loto7\extracted\loto7.csv"
"loto7","572","","2024-04-26","missing_official","","","sougaku:data\raw\loto7\extracted\loto7.csv"
"loto7","573","","2024-05-03","missing_official","","","sougaku:data\raw\loto7\extracted\loto7.csv"
"loto7","574","","2024-05-10","missing_official","","","sougaku:data\raw\loto7\extracted\loto7.csv"
"loto7","575","","2024-05-17","missing_official","","","sougaku:data\raw\loto7\extracted\loto7.csv"
"loto7","576","","2024-05-24","missing_official","","","sougaku:data\raw\loto7\extracted\loto7.csv"
"loto7","577","","2024-05-31","missing_official","","","sougaku:data\raw\loto7\extracted\loto7.csv"
"loto7","578","","2024-06-07","missing_official","","","sougaku:data\raw\loto7\extracted\loto7.csv"
"loto7","579","","2024-06-14","missing_official","","","sougaku:data\raw\loto7\extracted\loto7.csv"
"loto7","580","","2024-06-21","missing_official","","","sougaku:data\raw\loto7\extracted\loto7.csv"
"loto7","581","","2024-06-28","missing_official","","","sougaku:data\raw\loto7\extracted\loto7.csv"
"loto7","582","","2024-07-05","missing_official","","","sougaku:data\raw\loto7\extracted\loto7.csv"
"loto7","583","","2024-07-12","missing_official","","","sougaku:data\raw\loto7\extracted\loto7.csv"
"loto7","584","","2024-07-19","missing_official","","","sougaku:data\raw\loto7\extracted\loto7.csv"
"loto7","585","","2024-07-26","missing_official","","","sougaku:data\raw\loto7\extracted\loto7.csv"
"loto7","586","","2024-08-02","missing_official","","","sougaku:data\raw\loto7\extracted\loto7.csv"
"loto7","587","","2024-08-09","missing_official","","","sougaku:data\raw\loto7\extracted\loto7.csv"
"loto7","588","","2024-08-16","missing_official","","","sougaku:data\raw\loto7\extracted\loto7.csv"
"loto7","589","","2024-08-23","missing_official","","","sougaku:data\raw\loto7\extracted\loto7.csv"
"loto7","590","","2024-08-30","missing_official","","","sougaku:data\raw\loto7\extracted\loto7.csv"
"loto7","591","","2024-09-06","missing_official","","","sougaku:data\raw\loto7\extracted\loto7.csv"
"loto7","592","","2024-09-13","missing_official","","","sougaku:data\raw\loto7\extracted\loto7.csv"
"loto7","593","","2024-09-20","missing_official","","","sougaku:data\raw\loto7\extracted\loto7.csv"
"loto7","594","","2024-09-27","missing_official","","","sougaku:data\raw\loto7\extracted\loto7.csv"
"loto7","595","","2024-10-04","missing_official","","","sougaku:data\raw\loto7\extracted\loto7.csv"
"loto7","596","","2024-10-11","missing_official","","","sougaku:data\raw\loto7\extracted\loto7.csv"
"loto7","597","","2024-10-18","missing_official","","","sougaku:data\raw\loto7\extracted\loto7.csv"
"loto7","598","","2024-10-25","missing_official","","","sougaku:data\raw\loto7\extracted\loto7.csv"
"loto7","599","","2024-11-01","missing_official","","","sougaku:data\raw\loto7\extracted\loto7.csv"
"loto7","600","","2024-11-08","missing_official","","","sougaku:data\raw\loto7\extracted\loto7.csv"
"loto7","601","","2024-11-15","missing_official","","","sougaku:data\raw\loto7\extracted\loto7.csv"
"loto7","602","","2024-11-22","missing_official","","","sougaku:data\raw\loto7\extracted\loto7.csv"
"loto7","603","","2024-11-29","missing_official","","","sougaku:data\raw\loto7\extracted\loto7.csv"
"loto7","604","","2024-12-06","missing_official","","","sougaku:data\raw\loto7\extracted\loto7.csv"
"loto7","605","","2024-12-13","missing_official","","","sougaku:data\raw\loto7\extracted\loto7.csv"
"loto7","606","","2024-12-20","missing_official","","","sougaku:data\raw\loto7\extracted\loto7.csv"
"loto7","607","","2024-12-27","missing_official","","","sougaku:data\raw\loto7\extracted\loto7.csv"
"loto7","608","","2025-01-10","missing_official","","","sougaku:data\raw\loto7\extracted\loto7.csv"
"loto7","609","","2025-01-17","missing_official","","","sougaku:data\raw\loto7\extracted\loto7.csv"
"loto7","610","","2025-01-24","missing_official","","","sougaku:data\raw\loto7\extracted\loto7.csv"
"loto7","611","","2025-01-31","missing_official","","","sougaku:data\raw\loto7\extracted\loto7.csv"
"loto7","612","","2025-02-07","missing_official","","","sougaku:data\raw\loto7\extracted\loto7.csv"
"loto7","613","","2025-02-14","missing_official","","","sougaku:data\raw\loto7\extracted\loto7.csv"
"loto7","614","","2025-02-21","missing_official","","","sougaku:data\raw\loto7\extracted\loto7.csv"
"loto7","615","","2025-02-28","missing_official","","","sougaku:data\raw\loto7\extracted\loto7.csv"
"loto7","616","","2025-03-07","missing_official","","","sougaku:data\raw\loto7\extracted\loto7.csv"
"loto7","617","","2025-03-14","missing_official","","","sougaku:data\raw\loto7\extracted\loto7.csv"
"loto7","618","","2025-03-21","missing_official","","","sougaku:data\raw\loto7\extracted\loto7.csv"
"loto7","619","","2025-03-28","missing_official","","","sougaku:data\raw\loto7\extracted\loto7.csv"
"loto7","620","","2025-04-04","missing_official","","","sougaku:data\raw\loto7\extracted\loto7.csv"
"loto7","621","","2025-04-11","missing_official","","","sougaku:data\raw\loto7\extracted\loto7.csv"
"loto7","622","","2025-04-18","missing_official","","","sougaku:data\raw\loto7\extracted\loto7.csv"
"loto7","623","","2025-04-25","missing_official","","","sougaku:data\raw\loto7\extracted\loto7.csv"
"loto7","624","","2025-05-02","missing_official","","","sougaku:data\raw\loto7\extracted\loto7.csv"
"loto7","625","","2025-05-09","missing_official","","","sougaku:data\raw\loto7\extracted\loto7.csv"
"loto7","626","","2025-05-16","missing_official","","","sougaku:data\raw\loto7\extracted\loto7.csv"
"loto7","627","","2025-05-23","missing_official","","","sougaku:data\raw\loto7\extracted\loto7.csv"
"loto7","628","","2025-05-30","missing_official","","","sougaku:data\raw\loto7\extracted\loto7.csv"
"loto7","629","","2025-06-06","missing_official","","","sougaku:data\raw\loto7\extracted\loto7.csv"
"loto7","630","","2025-06-13","missing_official","","","sougaku:data\raw\loto7\extracted\loto7.csv"
"loto7","631","","2025-06-20","missing_official","","","sougaku:data\raw\loto7\extracted\loto7.csv"
"loto7","632","","2025-06-27","missing_official","","","sougaku:data\raw\loto7\extracted\loto7.csv"
"loto7","633","2025-07-04","2025-07-04","different","salesAmount","official-mizuho:https://www.mizuhobank.co.jp/retail/takarakuji/loto/loto7/csv/A1030633.CSV","sougaku:data\raw\loto7\extracted\loto7.csv"
"loto7","634","2025-07-11","2025-07-11","different","salesAmount","official-mizuho:https://www.mizuhobank.co.jp/retail/takarakuji/loto/loto7/csv/A1030634.CSV","sougaku:data\raw\loto7\extracted\loto7.csv"
"loto7","635","2025-07-18","2025-07-18","different","salesAmount","official-mizuho:https://www.mizuhobank.co.jp/retail/takarakuji/loto/loto7/csv/A1030635.CSV","sougaku:data\raw\loto7\extracted\loto7.csv"
"loto7","636","2025-07-25","2025-07-25","different","salesAmount","official-mizuho:https://www.mizuhobank.co.jp/retail/takarakuji/loto/loto7/csv/A1030636.CSV","sougaku:data\raw\loto7\extracted\loto7.csv"
"loto7","637","2025-08-01","2025-08-01","different","salesAmount","official-mizuho:https://www.mizuhobank.co.jp/retail/takarakuji/loto/loto7/csv/A1030637.CSV","sougaku:data\raw\loto7\extracted\loto7.csv"
"loto7","638","2025-08-08","2025-08-08","different","salesAmount","official-mizuho:https://www.mizuhobank.co.jp/retail/takarakuji/loto/loto7/csv/A1030638.CSV","sougaku:data\raw\loto7\extracted\loto7.csv"
"loto7","639","2025-08-15","2025-08-15","different","salesAmount","official-mizuho:https://www.mizuhobank.co.jp/retail/takarakuji/loto/loto7/csv/A1030639.CSV","sougaku:data\raw\loto7\extracted\loto7.csv"
"loto7","640","2025-08-22","2025-08-22","different","salesAmount","official-mizuho:https://www.mizuhobank.co.jp/retail/takarakuji/loto/loto7/csv/A1030640.CSV","sougaku:data\raw\loto7\extracted\loto7.csv"
"loto7","641","2025-08-29","2025-08-29","different","salesAmount","official-mizuho:https://www.mizuhobank.co.jp/retail/takarakuji/loto/loto7/csv/A1030641.CSV","sougaku:data\raw\loto7\extracted\loto7.csv"
"loto7","642","2025-09-05","2025-09-05","different","salesAmount","official-mizuho:https://www.mizuhobank.co.jp/retail/takarakuji/loto/loto7/csv/A1030642.CSV","sougaku:data\raw\loto7\extracted\loto7.csv"
"loto7","643","2025-09-12","2025-09-12","different","salesAmount","official-mizuho:https://www.mizuhobank.co.jp/retail/takarakuji/loto/loto7/csv/A1030643.CSV","sougaku:data\raw\loto7\extracted\loto7.csv"
"loto7","644","2025-09-19","2025-09-19","different","salesAmount","official-mizuho:https://www.mizuhobank.co.jp/retail/takarakuji/loto/loto7/csv/A1030644.CSV","sougaku:data\raw\loto7\extracted\loto7.csv"
"loto7","645","2025-09-26","2025-09-26","different","salesAmount","official-mizuho:https://www.mizuhobank.co.jp/retail/takarakuji/loto/loto7/csv/A1030645.CSV","sougaku:data\raw\loto7\extracted\loto7.csv"
"loto7","646","2025-10-03","2025-10-03","different","salesAmount","official-mizuho:https://www.mizuhobank.co.jp/retail/takarakuji/loto/loto7/csv/A1030646.CSV","sougaku:data\raw\loto7\extracted\loto7.csv"
"loto7","647","2025-10-10","2025-10-10","different","salesAmount","official-mizuho:https://www.mizuhobank.co.jp/retail/takarakuji/loto/loto7/csv/A1030647.CSV","sougaku:data\raw\loto7\extracted\loto7.csv"
"loto7","648","2025-10-17","2025-10-17","different","salesAmount","official-mizuho:https://www.mizuhobank.co.jp/retail/takarakuji/loto/loto7/csv/A1030648.CSV","sougaku:data\raw\loto7\extracted\loto7.csv"
"loto7","649","2025-10-24","2025-10-24","different","salesAmount","official-mizuho:https://www.mizuhobank.co.jp/retail/takarakuji/loto/loto7/csv/A1030649.CSV","sougaku:data\raw\loto7\extracted\loto7.csv"
"loto7","650","2025-10-31","2025-10-31","different","salesAmount","official-mizuho:https://www.mizuhobank.co.jp/retail/takarakuji/loto/loto7/csv/A1030650.CSV","sougaku:data\raw\loto7\extracted\loto7.csv"
"loto7","651","2025-11-07","2025-11-07","different","salesAmount","official-mizuho:https://www.mizuhobank.co.jp/retail/takarakuji/loto/loto7/csv/A1030651.CSV","sougaku:data\raw\loto7\extracted\loto7.csv"
"loto7","652","2025-11-14","2025-11-14","different","salesAmount","official-mizuho:https://www.mizuhobank.co.jp/retail/takarakuji/loto/loto7/csv/A1030652.CSV","sougaku:data\raw\loto7\extracted\loto7.csv"
"loto7","653","2025-11-21","2025-11-21","different","salesAmount","official-mizuho:https://www.mizuhobank.co.jp/retail/takarakuji/loto/loto7/csv/A1030653.CSV","sougaku:data\raw\loto7\extracted\loto7.csv"
"loto7","654","2025-11-28","2025-11-28","different","salesAmount","official-mizuho:https://www.mizuhobank.co.jp/retail/takarakuji/loto/loto7/csv/A1030654.CSV","sougaku:data\raw\loto7\extracted\loto7.csv"
"loto7","655","2025-12-05","2025-12-05","different","salesAmount","official-mizuho:https://www.mizuhobank.co.jp/retail/takarakuji/loto/loto7/csv/A1030655.CSV","sougaku:data\raw\loto7\extracted\loto7.csv"
"loto7","656","2025-12-12","2025-12-12","different","salesAmount","official-mizuho:https://www.mizuhobank.co.jp/retail/takarakuji/loto/loto7/csv/A1030656.CSV","sougaku:data\raw\loto7\extracted\loto7.csv"
"loto7","657","2025-12-19","2025-12-19","different","salesAmount","official-mizuho:https://www.mizuhobank.co.jp/retail/takarakuji/loto/loto7/csv/A1030657.CSV","sougaku:data\raw\loto7\extracted\loto7.csv"
"loto7","658","2025-12-26","2025-12-26","different","salesAmount","official-mizuho:https://www.mizuhobank.co.jp/retail/takarakuji/loto/loto7/csv/A1030658.CSV","sougaku:data\raw\loto7\extracted\loto7.csv"
"loto7","659","2026-01-09","2026-01-09","different","salesAmount","official-mizuho:https://www.mizuhobank.co.jp/retail/takarakuji/loto/loto7/csv/A1030659.CSV","sougaku:data\raw\loto7\extracted\loto7.csv"
"loto7","660","2026-01-16","2026-01-16","different","salesAmount","official-mizuho:https://www.mizuhobank.co.jp/retail/takarakuji/loto/loto7/csv/A1030660.CSV","sougaku:data\raw\loto7\extracted\loto7.csv"
"loto7","661","2026-01-23","2026-01-23","different","salesAmount","official-mizuho:https://www.mizuhobank.co.jp/retail/takarakuji/loto/loto7/csv/A1030661.CSV","sougaku:data\raw\loto7\extracted\loto7.csv"
"loto7","662","2026-01-30","2026-01-30","different","salesAmount|tier4Winners","official-mizuho:https://www.mizuhobank.co.jp/retail/takarakuji/loto/loto7/csv/A1030662.CSV","sougaku:data\raw\loto7\extracted\loto7.csv"
"loto7","663","2026-02-06","2026-02-06","different","salesAmount","official-mizuho:https://www.mizuhobank.co.jp/retail/takarakuji/loto/loto7/csv/A1030663.CSV","sougaku:data\raw\loto7\extracted\loto7.csv"
"loto7","664","2026-02-13","2026-02-13","different","salesAmount","official-mizuho:https://www.mizuhobank.co.jp/retail/takarakuji/loto/loto7/csv/A1030664.CSV","sougaku:data\raw\loto7\extracted\loto7.csv"
"loto7","665","2026-02-20","2026-02-20","different","salesAmount","official-mizuho:https://www.mizuhobank.co.jp/retail/takarakuji/loto/loto7/csv/A1030665.CSV","sougaku:data\raw\loto7\extracted\loto7.csv"
"loto7","666","2026-02-27","2026-02-27","different","salesAmount","official-mizuho:https://www.mizuhobank.co.jp/retail/takarakuji/loto/loto7/csv/A1030666.CSV","sougaku:data\raw\loto7\extracted\loto7.csv"
"loto7","667","2026-03-06","2026-03-06","different","salesAmount","official-mizuho:https://www.mizuhobank.co.jp/retail/takarakuji/loto/loto7/csv/A1030667.CSV","sougaku:data\raw\loto7\extracted\loto7.csv"
"loto7","668","2026-03-13","2026-03-13","different","salesAmount","official-mizuho:https://www.mizuhobank.co.jp/retail/takarakuji/loto/loto7/csv/A1030668.CSV","sougaku:data\raw\loto7\extracted\loto7.csv"
"loto7","669","2026-03-20","2026-03-20","different","salesAmount","official-mizuho:https://www.mizuhobank.co.jp/retail/takarakuji/loto/loto7/csv/A1030669.CSV","sougaku:data\raw\loto7\extracted\loto7.csv"
"loto7","670","2026-03-27","2026-03-27","different","salesAmount","official-mizuho:https://www.mizuhobank.co.jp/retail/takarakuji/loto/loto7/csv/A1030670.CSV","sougaku:data\raw\loto7\extracted\loto7.csv"
"loto7","671","2026-04-03","2026-04-03","different","salesAmount","official-mizuho:https://www.mizuhobank.co.jp/retail/takarakuji/loto/loto7/csv/A1030671.CSV","sougaku:data\raw\loto7\extracted\loto7.csv"
"loto7","672","2026-04-10","2026-04-10","different","salesAmount","official-mizuho:https://www.mizuhobank.co.jp/retail/takarakuji/loto/loto7/csv/A1030672.CSV","sougaku:data\raw\loto7\extracted\loto7.csv"
"loto7","673","2026-04-17","2026-04-17","different","salesAmount","official-mizuho:https://www.mizuhobank.co.jp/retail/takarakuji/loto/loto7/csv/A1030673.CSV","sougaku:data\raw\loto7\extracted\loto7.csv"
"loto7","674","2026-04-24","2026-04-24","different","salesAmount","official-mizuho:https://www.mizuhobank.co.jp/retail/takarakuji/loto/loto7/csv/A1030674.CSV","sougaku:data\raw\loto7\extracted\loto7.csv"
"loto7","675","2026-05-01","2026-05-01","different","salesAmount","official-mizuho:https://www.mizuhobank.co.jp/retail/takarakuji/loto/loto7/csv/A1030675.CSV","sougaku:data\raw\loto7\extracted\loto7.csv"
"loto7","676","2026-05-08","2026-05-08","different","salesAmount","official-mizuho:https://www.mizuhobank.co.jp/retail/takarakuji/loto/loto7/csv/A1030676.CSV","sougaku:data\raw\loto7\extracted\loto7.csv"
"loto7","677","2026-05-15","2026-05-15","different","salesAmount","official-mizuho:https://www.mizuhobank.co.jp/retail/takarakuji/loto/loto7/csv/A1030677.CSV","sougaku:data\raw\loto7\extracted\loto7.csv"
"loto7","678","2026-05-22","2026-05-22","different","salesAmount","official-mizuho:https://www.mizuhobank.co.jp/retail/takarakuji/loto/loto7/csv/A1030678.CSV","sougaku:data\raw\loto7\extracted\loto7.csv"
"loto7","679","2026-05-29","2026-05-29","different","salesAmount","official-mizuho:https://www.mizuhobank.co.jp/retail/takarakuji/loto/loto7/csv/A1030679.CSV","sougaku:data\raw\loto7\extracted\loto7.csv"
"loto7","680","2026-06-05","2026-06-05","different","salesAmount","official-mizuho:https://www.mizuhobank.co.jp/retail/takarakuji/loto/loto7/csv/A1030680.CSV","sougaku:data\raw\loto7\extracted\loto7.csv"
"loto7","681","2026-06-12","2026-06-12","different","salesAmount","official-mizuho:https://www.mizuhobank.co.jp/retail/takarakuji/loto/loto7/csv/A1030681.CSV","sougaku:data\raw\loto7\extracted\loto7.csv"
"loto7","682","2026-06-19","2026-06-19","different","salesAmount","official-mizuho:https://www.mizuhobank.co.jp/retail/takarakuji/loto/loto7/csv/A1030682.CSV","sougaku:data\raw\loto7\extracted\loto7.csv"
"loto7","683","2026-06-26","2026-06-26","different","salesAmount","official-mizuho:https://www.mizuhobank.co.jp/retail/takarakuji/loto/loto7/csv/A1030683.CSV","sougaku:data\raw\loto7\extracted\loto7.csv"
"loto7","684","2026-07-03","2026-07-03","different","salesAmount","official-mizuho:https://www.mizuhobank.co.jp/retail/takarakuji/loto/loto7/csv/A1030684.CSV","sougaku:data\raw\loto7\extracted\loto7.csv"
"loto7","685","2026-07-10","2026-07-10","different","salesAmount","official-mizuho:https://www.mizuhobank.co.jp/retail/takarakuji/loto/loto7/csv/A1030685.CSV","sougaku:data\raw\loto7\extracted\loto7.csv"
"loto7","686","2026-07-17","2026-07-17","different","salesAmount","official-mizuho:https://www.mizuhobank.co.jp/retail/takarakuji/loto/loto7/csv/A1030686.CSV","sougaku:data\raw\loto7\extracted\loto7.csv"
"loto7","687","2026-07-24","2026-07-24","different","salesAmount","official-mizuho:https://www.mizuhobank.co.jp/retail/takarakuji/loto/loto7/csv/A1030687.CSV","sougaku:data\raw\loto7\extracted\loto7.csv"
