"回号","抽せん日","販売実績額","キャリーオーバー","1等口数","1等当せん金額"
"1","2000-10-05","","0","2","45513600"
"2","2000-10-12","","102580607","0","0"
"3","2000-10-19","","0","2","121348100"
"4","2000-10-26","","128819603","0","0"
"5","2000-11-02","","263982587","0","0"
"6","2000-11-09","","124672751","1","400000000"
"7","2000-11-16","","0","1","348644800"
"8","2000-11-23","","206832135","0","0"
"9","2000-11-30","","56524796","1","400000000"
"10","2000-12-07","","296543942","0","0"
"11","2000-12-14","","184889411","1","400000000"
"12","2000-12-21","","26830542","1","400000000"
"13","2000-12-28","","0","3","90075800"
"14","2001-01-04","","0","1","141844600"
"15","2001-01-11","","202524583","0","0"
"16","2001-01-18","","0","4","114690000"
"17","2001-01-25","","249208924","0","0"
"18","2001-02-01","","0","4","130218200"
"19","2001-02-08","","0","2","125271100"
"20","2001-02-15","","0","2","123069600"
"21","2001-02-22","","224948364","0","0"
"22","2001-03-01","","0","2","246918300"
"23","2001-03-08","","0","2","123831800"
"24","2001-03-15","","35077560","1","200000000"
"25","2001-03-22","","0","2","147444200"
"26","2001-03-29","","31090737","1","200000000"
"27","2001-04-05","","0","1","282187900"
"28","2001-04-12","","238045160","0","0"
"29","2001-04-19","","0","9","57338900"
"30","2001-04-26","","258064512","0","0"
"31","2001-05-03","","0","3","176674900"
"32","2001-05-10","","0","2","122160100"
"33","2001-05-17","","0","2","117951800"
"34","2001-05-24","","41176145","1","200000000"
"35","2001-05-31","","0","1","282373700"
"36","2001-06-07","","36788358","1","200000000"
"37","2001-06-14","","0","3","88178700"
"38","2001-06-21","","246032418","0","0"
"39","2001-06-28","","0","8","67318200"
"40","2001-07-05","","0","2","118547100"
"41","2001-07-12","","36197335","1","200000000"
"42","2001-07-19","","0","2","134394100"
"43","2001-07-26","","0","3","75848800"
"44","2001-08-02","","0","3","74421300"
"45","2001-08-09","","14489512","1","200000000"
"46","2001-08-16","","0","2","111752700"
"47","2001-08-23","","0","5","40002200"
"48","2001-08-30","","0","3","76260300"
"49","2001-09-06","","0","2","118591400"
"50","2001-09-13","","0","4","48427800"
"51","2001-09-20","","0","7","29184600"
"52","2001-09-27","","0","3","72304100"
"53","2001-10-04","","0","6","36518100"
"54","2001-10-11","","17333248","1","200000000"
"55","2001-10-18","","256384594","0","0"
"56","2001-10-25","","0","2","293594800"
"57","2001-11-01","","0","14","17755700"
"58","2001-11-08","","0","2","116836200"
"59","2001-11-15","","0","3","87561500"
"60","2001-11-22","","76297998","1","200000000"
"61","2001-11-29","","0","1","338406300"
"62","2001-12-06","","0","5","47591800"
"63","2001-12-13","","0","3","86096500"
"64","2001-12-20","","0","4","63574100"
"65","2001-12-27","","0","2","138826100"
"66","2002-01-10","","0","6","45895000"
"67","2002-01-17","","0","5","47129400"
"68","2002-01-24","","0","4","65075000"
"69","2002-01-31","","78145012","1","200000000"
"70","2002-02-07","","0","1","381471200"
"71","2002-02-14","","0","3","93395200"
"72","2002-02-21","","0","3","89058400"
"73","2002-02-28","","267385456","0","0"
"74","2002-03-07","","0","3","216697800"
"75","2002-03-14","","0","3","87271200"
"76","2002-03-21","","0","3","82365800"
"77","2002-03-28","","0","3","86328300"
"78","2002-04-04","","0","7","38856500"
"79","2002-04-11","","85172896","1","200000000"
"80","2002-04-18","","0","1","361173200"
"81","2002-04-25","","0","3","82115000"
"82","2002-05-02","","54432400","1","200000000"
"83","2002-05-09","","0","1","338040600"
"84","2002-05-16","","0","17","15692300"
"85","2002-05-23","","245818952","0","0"
"86","2002-05-30","","0","14","42353400"
"87","2002-06-06","","0","3","91415900"
"88","2002-06-13","","0","4","64721700"
"89","2002-06-20","","0","7","37734400"
"90","2002-06-27","","0","2","138036100"
"91","2002-07-04","","272652637","0","0"
"92","2002-07-11","","0","2","327322500"
"93","2002-07-18","","90824312","1","200000000"
"94","2002-07-25","","0","3","129048500"
"95","2002-08-01","","0","5","43829200"
"96","2002-08-08","","0","2","128990100"
"97","2002-08-15","","236692230","0","0"
"98","2002-08-22","","189047171","1","400000000"
"99","2002-08-29","","104053862","1","400000000"
"100","2002-09-05","","0","11","38560400"
"101","2002-09-12","","114154706","1","200000000"
"102","2002-09-19","","0","4","103928500"
"103","2002-09-26","","0","3","89200800"
"104","2002-10-03","","0","6","42082300"
"105","2002-10-10","","0","2","137026100"
"106","2002-10-17","","0","2","128251100"
"107","2002-10-24","","48191186","1","200000000"
"108","2002-10-31","","0","4","84243100"
"109","2002-11-07","","71918699","1","200000000"
"110","2002-11-14","","381315724","0","0"
"111","2002-11-21","","0","6","135843900"
"112","2002-11-28","","90468272","1","200000000"
"113","2002-12-05","","1913571","1","400000000"
"114","2002-12-12","","0","3","96073000"
"115","2002-12-19","","0","3","87704500"
"116","2002-12-26","","97738341","1","200000000"
"117","2003-01-09","","0","2","228456200"
"118","2003-01-16","","0","7","43286000"
"119","2003-01-23","","0","5","52449800"
"120","2003-01-30","","0","2","143793600"
"121","2003-02-06","","285431235","0","0"
"122","2003-02-13","","301170783","1","400000000"
"123","2003-02-20","","0","3","244266200"
"124","2003-02-27","","321968723","0","0"
"125","2003-03-06","","0","6","121122400"
"126","2003-03-13","","115172879","1","200000000"
"127","2003-03-20","","69664311","1","400000000"
"128","2003-03-27","","0","3","140907200"
"129","2003-04-03","","107379873","1","200000000"
"130","2003-04-10","","96226445","1","400000000"
"131","2003-04-17","","481310551","0","0"
"132","2003-04-24","","0","4","236257900"
"133","2003-05-01","","128284143","1","200000000"
"134","2003-05-08","","0","5","93700700"
"135","2003-05-15","","0","2","161139000"
"136","2003-05-22","","0","2","155571800"
"137","2003-05-29","","0","3","103964400"
"138","2003-06-05","","0","2","146219800"
"139","2003-06-12","","0","3","95226100"
"140","2003-06-19","","0","2","146136000"
"141","2003-06-26","","0","5","60720900"
"142","2003-07-03","","0","4","76211200"
"143","2003-07-10","","0","2","149820700"
"144","2003-07-17","","315860676","0","0"
"145","2003-07-24","","0","2","360495400"
"146","2003-07-31","","0","21","13944100"
"147","2003-08-07","","85463241","1","200000000"
"148","2003-08-14","","0","3","119125300"
"149","2003-08-21","","0","3","95559500"
"150","2003-08-28","","0","2","149826700"
"151","2003-09-04","","0","7","39224600"
"152","2003-09-11","","0","5","55085200"
"153","2003-09-18","","0","6","43090900"
"154","2003-09-25","","0","7","35014200"
"155","2003-10-02","","0","6","42285800"
"156","2003-10-09","","291019816","0","0"
"157","2003-10-16","","250912445","1","400000000"
"158","2003-10-23","","0","2","328563300"
"159","2003-10-30","","324533948","0","0"
"160","2003-11-06","","0","2","380265800"
"161","2003-11-13","","0","3","113803800"
"162","2003-11-20","","301796845","0","0"
"163","2003-11-27","","0","5","142049400"
"164","2003-12-04","","0","5","66335100"
"165","2003-12-11","","0","2","146957800"
"166","2003-12-18","","133626797","1","200000000"
"167","2003-12-25","","0","3","174050500"
"168","2004-01-08","","176352642","1","200000000"
"169","2004-01-15","","0","3","176290100"
"170","2004-01-22","","0","4","75230300"
"171","2004-01-29","","0","6","51417700"
"172","2004-02-05","","0","9","33745300"
"173","2004-02-12","","0","7","43030700"
"174","2004-02-19","","125385155","1","200000000"
"175","2004-02-26","","0","2","244241500"
"176","2004-03-04","","0","5","62011300"
"177","2004-03-11","","0","4","74875100"
"178","2004-03-18","","0","6","47741800"
"179","2004-03-25","","0","3","95437500"
"180","2004-04-01","","0","2","136457500"
"181","2004-04-08","","0","4","78004400"
"182","2004-04-15","","0","3","108364000"
"183","2004-04-22","","327385446","0","0"
"184","2004-04-29","","0","3","252447300"
"185","2004-05-06","","0","2","149621200"
"186","2004-05-13","","104420387","1","200000000"
"187","2004-05-20","","0","4","111906100"
"188","2004-05-27","","0","10","27662200"
"189","2004-06-03","","124632575","1","200000000"
"190","2004-06-10","","58390423","1","400000000"
"191","2004-06-17","","402133773","0","0"
"192","2004-06-24","","0","12","70108900"
"193","2004-07-01","","333510049","0","0"
"194","2004-07-08","","0","3","249322600"
"195","2004-07-15","","0","2","149103500"
"196","2004-07-22","","0","5","57127200"
"197","2004-07-29","","0","7","37492700"
"198","2004-08-05","","92471147","1","200000000"
"199","2004-08-12","","0","16","25199600"
"200","2004-08-19","","0","6","42904300"
"201","2004-08-26","","93913560","1","200000000"
"202","2004-09-02","","0","2","212108900"
"203","2004-09-09","","0","3","97543500"
"204","2004-09-16","","0","2","150342700"
"205","2004-09-23","","0","3","87669500"
"206","2004-09-30","","0","2","148159800"
"207","2004-10-07","","283282291","0","0"
"208","2004-10-14","","0","2","332831600"
"209","2004-10-21","","314141705","0","0"
"210","2004-10-28","","0","2","390786900"
"211","2004-11-04","","105864743","1","200000000"
"212","2004-11-11","","0","2","241846900"
"213","2004-11-18","","118533875","1","200000000"
"214","2004-11-25","","0","3","155943200"
"215","2004-12-02","","0","4","80653700"
"216","2004-12-09","","0","3","108838100"
"217","2004-12-16","","0","4","74449600"
"218","2004-12-23","","0","5","55485900"
"219","2004-12-30","","122412467","1","200000000"
"220","2005-01-06","","428004419","0","0"
"221","2005-01-13","","0","3","320380000"
"222","2005-01-20","","0","4","84878500"
"223","2005-01-27","","0","4","84933700"
"224","2005-02-03","","121214401","1","200000000"
"225","2005-02-10","","0","4","127130900"
"226","2005-02-17","","158668297","1","200000000"
"227","2005-02-24","","0","9","59350200"
"228","2005-03-03","","0","4","75758600"
"229","2005-03-10","","0","3","103016200"
"230","2005-03-17","","0","167","1814700"
"231","2005-03-24","","0","4","78093700"
"232","2005-03-31","","321250560","0","0"
"233","2005-04-07","","0","3","252078300"
"234","2005-04-14","","0","3","110799800"
"235","2005-04-21","","0","3","107700400"
"236","2005-04-28","","0","2","170375000"
"237","2005-05-05","","0","3","92756600"
"238","2005-05-12","","0","4","82060000"
"239","2005-05-19","","0","7","41395900"
"240","2005-05-26","","0","3","99489600"
"241","2005-06-02","","0","4","73985600"
"242","2005-06-09","","314953610","0","0"
"243","2005-06-16","","3380993","2","400000000"
"244","2005-06-23","","0","2","166561100"
"245","2005-06-30","","0","7","41996300"
"246","2005-07-07","","0","2","173662500"
"247","2005-07-14","","0","2","163484400"
"248","2005-07-21","","0","3","102052700"
"249","2005-07-28","","0","3","104654700"
"250","2005-08-04","","0","3","102354500"
"251","2005-08-11","","0","4","73942000"
"252","2005-08-18","","0","3","102828600"
"253","2005-08-25","","125134321","1","200000000"
"254","2005-09-01","","0","4","121926400"
"255","2005-09-08","","0","4","80324400"
"256","2005-09-15","","0","2","151371100"
"257","2005-09-22","","0","2","157898300"
"258","2005-09-29","","98183285","1","200000000"
"259","2005-10-06","","0","21","22911800"
"260","2005-10-13","","0","9","34541200"
"261","2005-10-20","","0","6","54815100"
"262","2005-10-27","","0","5","62629500"
"263","2005-11-03","","120489556","1","200000000"
"264","2005-11-10","","511391329","0","0"
"265","2005-11-17","","0","5","242164500"
"266","2005-11-24","","0","8","40409400"
"267","2005-12-01","","0","6","58511500"
"268","2005-12-08","","0","5","65174700"
"269","2005-12-15","","0","3","116598700"
"270","2005-12-22","","0","4","85350100"
"271","2005-12-29","","0","2","181185700"
"272","2006-01-05","","262959262","0","0"
"273","2006-01-12","","0","2","387920800"
"274","2006-01-19","","0","6","58469500"
"275","2006-01-26","","0","3","123320300"
"276","2006-02-02","","0","2","161097700"
"277","2006-02-09","","155943073","1","200000000"
"278","2006-02-16","","0","4","146432500"
"279","2006-02-23","","0","8","41770000"
"280","2006-03-02","","149238699","1","200000000"
"281","2006-03-09","","0","16","35304900"
"282","2006-03-16","","171519931","1","200000000"
"283","2006-03-23","","569155297","0","0"
"284","2006-03-30","","0","6","215518000"
"285","2006-04-06","","0","7","52459200"
"286","2006-04-13","","0","5","75107400"
"287","2006-04-20","","396114792","0","0"
"288","2006-04-27","","0","11","81646100"
"289","2006-05-04","","0","3","107375300"
"290","2006-05-11","","165935026","1","200000000"
"291","2006-05-18","","0","2","321480300"
"292","2006-05-25","","0","6","58877300"
"293","2006-06-01","","150000456","1","200000000"
"294","2006-06-08","","0","3","192565900"
"295","2006-06-15","","0","2","178474100"
"296","2006-06-22","","0","4","86071800"
"297","2006-06-29","","345952300","0","0"
"298","2006-07-06","","0","5","175332300"
"299","2006-07-13","","151330859","1","200000000"
"300","2006-07-20","","148357187","1","400000000"
"301","2006-07-27","","0","28","18472800"
"302","2006-08-03","","0","2","177884000"
"303","2006-08-10","","341285528","0","0"
"304","2006-08-17","","0","7","105413200"
"305","2006-08-24","","156982123","1","200000000"
"306","2006-08-31","","621967283","0","0"
"307","2006-09-07","","0","6","251095100"
"308","2006-09-14","","393902973","0","0"
"309","2006-09-21","","183009018","2","400000000"
"310","2006-09-28","","236306765","1","400000000"
"311","2006-10-05","","373090476","1","400000000"
"312","2006-10-12","","0","10","89457600"
"313","2006-10-19","","0","3","143877200"
"314","2006-10-26","","0","4","100991800"
"315","2006-11-02","","0","5","80557100"
"316","2006-11-09","","0","4","97231600"
"317","2006-11-16","","0","7","54347200"
"318","2006-11-23","","351468038","0","0"
"319","2006-11-30","","0","7","122102000"
"320","2006-12-07","","0","4","91305900"
"321","2006-12-14","","4972560","2","200000000"
"322","2006-12-21","","0","3","144517000"
"323","2006-12-28","","0","8","45430600"
"324","2007-01-04","","0","4","64827500"
"325","2007-01-11","","0","5","71887400"
"326","2007-01-18","","0","6","60713700"
"327","2007-01-25","","0","6","61984500"
"328","2007-02-01","","0","7","49885200"
"329","2007-02-08","","0","5","71021800"
"330","2007-02-15","","0","5","69426800"
"331","2007-02-22","","0","21","16619900"
"332","2007-03-01","","166985277","1","200000000"
"333","2007-03-08","","193805491","1","400000000"
"334","2007-03-15","","0","5","127946200"
"335","2007-03-22","","0","2","176764900"
"336","2007-03-29","","142382016","1","200000000"
"337","2007-04-05","","0","2","286729500"
"338","2007-04-12","","158712142","1","200000000"
"339","2007-04-19","","0","4","144874000"
"340","2007-04-26","","0","3","125206400"
"341","2007-05-03","","0","2","167679400"
"342","2007-05-10","","0","7","47713500"
"343","2007-05-17","","0","3","122221000"
"344","2007-05-24","","0","7","47837300"
"345","2007-05-31","","161031732","1","200000000"
"346","2007-06-07","","0","2","275055600"
"347","2007-06-14","","0","2","175074200"
"348","2007-06-21","","0","4","83409800"
"349","2007-06-28","","156226705","1","200000000"
"350","2007-07-05","","0","5","117204300"
"351","2007-07-12","","0","3","122807000"
"352","2007-07-19","","0","2","168600600"
"353","2007-07-26","","0","3","111962100"
"354","2007-08-02","","0","4","86609200"
"355","2007-08-09","","129310297","1","200000000"
"356","2007-08-16","","0","8","57225400"
"357","2007-08-23","","0","2","159167600"
"358","2007-08-30","","0","5","74317800"
"359","2007-09-06","","0","7","44620000"
"360","2007-09-13","","0","3","109515400"
"361","2007-09-20","","155254196","1","200000000"
"362","2007-09-27","","155988946","1","400000000"
"363","2007-10-04","","0","4","135647000"
"364","2007-10-11","","123559186","1","200000000"
"365","2007-10-18","","0","8","65370900"
"366","2007-10-25","","149473061","1","200000000"
"367","2007-11-01","","573641861","0","0"
"368","2007-11-08","","0","7","162710200"
"369","2007-11-15","","0","2","175763000"
"370","2007-11-22","","0","3","122240300"
"371","2007-11-29","","0","2","187511200"
"372","2007-12-06","","0","7","49670900"
"373","2007-12-13","","0","2","183116900"
"374","2007-12-20","","173275826","1","200000000"
"375","2007-12-27","","0","7","85281700"
"376","2008-01-10","","229208996","1","200000000"
"377","2008-01-17","","0","3","229941100"
"378","2008-01-24","","373680466","0","0"
"379","2008-01-31","","83541865","2","400000000"
"380","2008-02-07","","154457620","1","400000000"
"381","2008-02-14","","216556788","1","400000000"
"382","2008-02-21","","0","5","145712100"
"383","2008-02-28","","157062818","1","200000000"
"384","2008-03-06","","0","2","315257400"
"385","2008-03-13","","215450404","1","200000000"
"386","2008-03-20","","0","7","84544000"
"387","2008-03-27","","0","4","92433900"
"388","2008-04-03","","0","2","178489700"
"389","2008-04-10","","0","5","69907800"
"390","2008-04-17","","0","4","89878900"
"391","2008-04-24","","0","3","114851700"
"392","2008-05-01","","0","6","56764100"
"393","2008-05-08","","0","2","173104900"
"394","2008-05-15","","360112917","0","0"
"395","2008-05-22","","812785066","0","0"
"396","2008-05-29","","0","6","235393800"
"397","2008-06-05","","160074643","1","200000000"
"398","2008-06-12","","214752039","1","400000000"
"399","2008-06-19","","0","5","130837500"
"400","2008-06-26","","0","4","91116600"
"401","2008-07-03","","0","8","46775300"
"402","2008-07-10","","0","2","177704700"
"403","2008-07-17","","161098341","1","200000000"
"404","2008-07-24","","0","4","139117700"
"405","2008-07-31","","0","2","175637000"
"406","2008-08-07","","349343178","0","0"
"407","2008-08-14","","0","3","250783000"
"408","2008-08-21","","143879862","1","200000000"
"409","2008-08-28","","0","6","88449700"
"410","2008-09-04","","199416745","1","200000000"
"411","2008-09-11","","0","2","320327800"
"412","2008-09-18","","0","2","174393800"
"413","2008-09-25","","0","2","176762900"
"414","2008-10-02","","0","9","37013100"
"415","2008-10-09","","0","3","122294100"
"416","2008-10-16","","0","4","83817100"
"417","2008-10-23","","0","7","47161500"
"418","2008-10-30","","0","5","68409400"
"419","2008-11-06","","0","6","56856200"
"420","2008-11-13","","158669748","1","200000000"
"421","2008-11-20","","557769048","0","0"
"422","2008-11-27","","0","6","175377500"
"423","2008-12-04","","0","7","54458300"
"424","2008-12-11","","0","5","73205100"
"425","2008-12-18","","0","3","126522400"
"426","2008-12-25","","379846586","0","0"
"427","2009-01-08","","501345283","1","400000000"
"428","2009-01-15","","260645829","2","400000000"
"429","2009-01-22","","0","6","124626900"
"430","2009-01-29","","0","9","45402100"
"431","2009-02-05","","0","5","80148800"
"432","2009-02-12","","196225409","1","200000000"
"433","2009-02-19","","0","2","311043700"
"434","2009-02-26","","0","2","177908600"
"435","2009-03-05","","0","5","68935600"
"436","2009-03-12","","0","12","28645400"
"437","2009-03-19","","150092785","1","200000000"
"438","2009-03-26","","0","3","180663800"
"439","2009-04-02","","174128470","1","200000000"
"440","2009-04-09","","0","2","290149600"
"441","2009-04-16","","182760744","1","200000000"
"442","2009-04-23","","0","2","307923300"
"443","2009-04-30","","0","3","119517000"
"444","2009-05-07","","0","7","46888600"
"445","2009-05-14","","0","3","121570500"
"446","2009-05-21","","0","8","38559600"
"447","2009-05-28","","0","4","88208400"
"448","2009-06-04","","342760382","0","0"
"449","2009-06-11","","0","3","267032600"
"450","2009-06-18","","0","2","187581700"
"451","2009-06-25","","0","3","115968300"
"452","2009-07-02","","154890181","1","200000000"
"453","2009-07-09","","0","4","139198600"
"454","2009-07-16","","0","2","172374800"
"455","2009-07-23","","344887602","0","0"
"456","2009-07-30","","0","6","124171600"
"457","2009-08-06","","356528307","0","0"
"458","2009-08-13","","0","2","389430700"
"459","2009-08-20","","0","5","66346300"
"460","2009-08-27","","0","2","181193700"
"461","2009-09-03","","155487414","1","200000000"
"462","2009-09-10","","170002065","1","400000000"
"463","2009-09-17","","0","2","302909200"
"464","2009-09-24","","0","3","115943100"
"465","2009-10-01","","153752840","1","200000000"
"466","2009-10-08","","0","2","282223000"
"467","2009-10-15","","161707398","1","200000000"
"468","2009-10-22","","0","6","96632000"
"469","2009-10-29","","155586703","1","200000000"
"470","2009-11-05","","0","3","190687700"
"471","2009-11-12","","148143871","1","200000000"
"472","2009-11-19","","0","5","108556500"
"473","2009-11-26","","0","4","86978400"
"474","2009-12-03","","0","4","84734500"
"475","2009-12-10","","0","5","66677900"
"476","2009-12-17","","0","5","69405900"
"477","2009-12-24","","0","2","185142100"
"478","2010-01-07","","0","4","97985600"
"479","2010-01-14","","334091926","0","0"
"480","2010-01-21","","0","5","162529400"
"481","2010-01-28","","0","7","52528600"
"482","2010-02-04","","185205326","1","200000000"
"483","2010-02-11","","0","5","117617400"
"484","2010-02-18","","366827066","0","0"
"485","2010-02-25","","0","5","169451600"
"486","2010-03-04","","0","2","183823800"
"487","2010-03-11","","142982442","1","200000000"
"488","2010-03-18","","0","6","95637700"
"489","2010-03-25","","0","2","165569500"
"490","2010-04-01","","0","9","38002200"
"491","2010-04-08","","0","2","175121000"
"492","2010-04-15","","0","3","112832800"
"493","2010-04-22","","162923672","1","200000000"
"494","2010-04-29","","0","2","275247400"
"495","2010-05-06","","0","2","172205100"
"496","2010-05-13","","0","2","174851300"
"497","2010-05-20","","0","2","168004700"
"498","2010-05-27","","0","3","122945500"
"499","2010-06-03","","0","5","61831300"
"500","2010-06-10","","329751773","0","0"
"501","2010-06-17","","0","3","250666200"
"502","2010-06-24","","0","3","112499300"
"503","2010-07-01","","338627846","0","0"
"504","2010-07-08","","0","2","389247400"
"505","2010-07-15","","0","2","173454100"
"506","2010-07-22","","105233732","1","200000000"
"507","2010-07-29","","0","5","94246300"
"508","2010-08-05","","0","2","160256700"
"509","2010-08-12","","0","8","33283400"
"510","2010-08-19","","0","2","165406800"
"511","2010-08-26","","129522708","1","200000000"
"512","2010-09-02","","521203478","0","0"
"513","2010-09-09","","225321048","2","400000000"
"514","2010-09-16","","0","4","162511800"
"515","2010-09-23","","0","2","158927600"
"516","2010-09-30","","0","7","47592700"
"517","2010-10-07","","0","5","63548100"
"518","2010-10-14","","350353170","0","0"
"519","2010-10-21","","370281518","1","400000000"
"520","2010-10-28","","0","2","390605500"
"521","2010-11-04","","0","3","108565700"
"522","2010-11-11","","115546724","1","200000000"
"523","2010-11-18","","0","2","254076500"
"524","2010-11-25","","0","3","111882600"
"525","2010-12-02","","0","2","164193200"
"526","2010-12-09","","0","6","50949600"
"527","2010-12-16","","0","12","26477800"
"528","2010-12-23","","0","3","108386000"
"529","2010-12-30","","0","3","113263900"
"530","2011-01-06","","0","2","147676000"
"531","2011-01-13","","0","4","78364400"
"532","2011-01-20","","0","4","84134600"
"533","2011-01-27","","338087603","0","0"
"534","2011-02-03","","0","3","260126800"
"535","2011-02-10","","0","2","158577900"
"536","2011-02-17","","0","3","106394100"
"537","2011-02-24","","0","4","82263100"
"538","2011-03-03","","0","6","47501800"
"539","2011-03-10","","0","3","100041200"
"540","2011-03-17","","0","2","135523300"
"541","2011-03-24","","0","2","147042700"
"542","2011-03-31","","0","2","148400100"
"543","2011-04-04","","16529901","1","200000000"
"544","2011-04-07","","0","1","291430300"
"545","2011-04-11","","0","5","43344900"
"546","2011-04-14","","252398526","0","0"
"547","2011-04-18","","128575535","1","400000000"
"548","2011-04-21","","0","3","131851000"
"549","2011-04-25","","0","2","103276900"
"550","2011-04-28","","0","2","123179400"
"551","2011-05-02","","0","2","111725000"
"552","2011-05-05","","0","3","71653900"
"553","2011-05-09","","187430365","0","0"
"554","2011-05-12","","0","2","228838200"
"555","2011-05-16","","0","2","104317600"
"556","2011-05-19","","0","3","70910400"
"557","2011-05-23","","0","4","49388600"
"558","2011-05-26","","0","2","120430500"
"559","2011-05-30","","0","1","196540700"
"560","2011-06-02","","21887100","1","200000000"
"561","2011-06-06","","0","2","127969000"
"562","2011-06-09","","0","3","67477800"
"563","2011-06-13","","0","2","97738500"
"564","2011-06-16","","0","4","52001000"
"565","2011-06-20","","0","3","63900800"
"566","2011-06-23","","13672968","1","200000000"
"567","2011-06-27","","225606974","0","0"
"568","2011-06-30","","0","2","258596800"
"569","2011-07-04","","204274190","0","0"
"570","2011-07-07","","0","2","239144300"
"571","2011-07-11","","0","5","39891900"
"572","2011-07-14","","0","3","71561100"
"573","2011-07-18","","178729671","0","0"
"574","2011-07-21","","28280571","1","400000000"
"575","2011-07-25","","0","2","112039700"
"576","2011-07-28","","15342210","1","200000000"
"577","2011-08-01","","0","1","231169700"
"578","2011-08-04","","202161370","0","0"
"579","2011-08-08","","0","2","213388800"
"580","2011-08-11","","1053505","1","200000000"
"581","2011-08-15","","0","3","66884900"
"582","2011-08-18","","0","4","50665600"
"583","2011-08-22","","197194180","0","0"
"584","2011-08-25","","0","6","74482300"
"585","2011-08-29","","212812345","0","0"
"586","2011-09-01","","0","3","160511600"
"587","2011-09-05","","0","2","94929700"
"588","2011-09-08","","20985545","1","200000000"
"589","2011-09-12","","0","2","122477600"
"590","2011-09-15","","24741779","1","200000000"
"591","2011-09-19","","0","2","114611500"
"592","2011-09-22","","0","1","191762100"
"593","2011-09-26","","0","1","197255100"
"594","2011-09-29","","212375624","0","0"
"595","2011-10-03","","0","5","93810400"
"596","2011-10-06","","0","2","103166100"
"597","2011-10-10","","0","3","54331900"
"598","2011-10-13","","199108103","0","0"
"599","2011-10-17","","0","2","216314000"
"600","2011-10-20","","205182997","0","0"
"601","2011-10-24","","458553485","0","0"
"602","2011-10-27","","391868219","1","400000000"
"603","2011-10-31","","0","3","226379100"
"604","2011-11-03","","0","2","107591000"
"605","2011-11-07","","0","5","41549700"
"606","2011-11-10","","0","3","70446700"
"607","2011-11-14","","0","3","63061400"
"608","2011-11-17","","0","4","49879600"
"609","2011-11-21","","196369972","0","0"
"610","2011-11-24","","0","7","60543300"
"611","2011-11-28","","0","2","99847700"
"612","2011-12-01","","218722379","0","0"
"613","2011-12-05","","0","7","66079000"
"614","2011-12-08","","0","2","102950100"
"615","2011-12-12","","0","2","97869700"
"616","2011-12-15","","7179695","1","200000000"
"617","2011-12-19","","0","1","217255800"
"618","2011-12-22","","0","2","115085500"
"619","2011-12-26","","204786165","0","0"
"620","2011-12-29","","85310686","1","400000000"
"621","2012-01-05","","0","1","327545100"
"622","2012-01-09","","0","5","38782000"
"623","2012-01-12","","210483046","0","0"
"624","2012-01-16","","0","3","155194100"
"625","2012-01-19","","0","13","16095600"
"626","2012-01-23","","0","1","190646100"
"627","2012-01-26","","10424389","1","200000000"
"628","2012-01-30","","0","4","56958800"
"629","2012-02-02","","14218330","1","200000000"
"630","2012-02-06","","0","1","223115200"
"631","2012-02-09","","207747957","0","0"
"632","2012-02-13","","0","3","154298100"
"633","2012-02-16","","0","1","195269800"
"634","2012-02-20","","0","2","100888700"
"635","2012-02-23","","194658716","0","0"
"636","2012-02-27","","428409654","0","0"
"637","2012-03-01","","0","7","103124900"
"638","2012-03-05","","0","3","64471000"
"639","2012-03-08","","0","3","73500100"
"640","2012-03-12","","0","4","45794500"
"641","2012-03-15","","199596984","0","0"
"642","2012-03-19","","0","2","217597800"
"643","2012-03-22","","203432373","0","0"
"644","2012-03-26","","0","3","145189300"
"645","2012-03-29","","0","2","99339200"
"646","2012-04-02","","0","2","91242400"
"647","2012-04-05","","0","1","193138200"
"648","2012-04-09","","205827665","0","0"
"649","2012-04-12","","461680353","0","0"
"650","2012-04-16","","406949113","1","400000000"
"651","2012-04-19","","0","2","356844900"
"652","2012-04-23","","0","2","105070900"
"653","2012-04-26","","10955557","1","200000000"
"654","2012-04-30","","0","1","220075400"
"655","2012-05-03","","0","2","91563400"
"656","2012-05-07","","0","6","29744700"
"657","2012-05-10","","13405435","1","200000000"
"658","2012-05-14","","234586287","0","0"
"659","2012-05-17","","106692039","1","400000000"
"660","2012-05-21","","0","3","115495200"
"661","2012-05-24","","0","2","100065600"
"662","2012-05-28","","0","3","67698400"
"663","2012-05-31","","0","3","65429200"
"664","2012-06-04","","0","3","54823400"
"665","2012-06-07","","0","2","94049700"
"666","2012-06-11","","187758302","0","0"
"667","2012-06-14","","0","2","217956200"
"668","2012-06-18","","0","5","39100200"
"669","2012-06-21","","180372714","0","0"
"670","2012-06-25","","0","2","215544800"
"671","2012-06-28","","0","2","94581700"
"672","2012-07-02","","199965654","0","0"
"673","2012-07-05","","0","2","215521300"
"674","2012-07-09","","0","3","61634400"
"675","2012-07-12","","0","3","62855400"
"676","2012-07-16","","0","3","57166200"
"677","2012-07-19","","0","1","189220100"
"678","2012-07-23","","183123113","0","0"
"679","2012-07-26","","17453239","1","400000000"
"680","2012-07-30","","0","1","212106800"
"681","2012-08-02","","186530099","0","0"
"682","2012-08-06","","0","1","393430300"
"683","2012-08-09","","0","1","185848300"
"684","2012-08-13","","0","2","74642000"
"685","2012-08-16","","0","2","87878800"
"686","2012-08-20","","0","2","94737500"
"687","2012-08-23","","0","2","94843400"
"688","2012-08-27","","0","2","92819300"
"689","2012-08-30","","0","8","20094300"
"690","2012-09-03","","182194767","0","0"
"691","2012-09-06","","0","3","134131500"
"692","2012-09-10","","0","2","90732700"
"693","2012-09-13","","191637654","0","0"
"694","2012-09-17","","0","2","199696300"
"695","2012-09-20","","0","5","33044600"
"696","2012-09-24","","0","1","182624000"
"697","2012-09-27","","0","1","188870600"
"698","2012-10-01","","0","2","93065900"
"699","2012-10-04","","0","1","178163800"
"700","2012-10-08","","0","3","54372900"
"701","2012-10-11","","194434345","0","0"
"702","2012-10-15","","36172490","1","400000000"
"703","2012-10-18","","0","1","245034100"
"704","2012-10-22","","0","1","177385500"
"705","2012-10-25","","197459384","0","0"
"706","2012-10-29","","0","4","111096500"
"707","2012-11-01","","0","2","95335600"
"708","2012-11-05","","0","1","184591000"
"709","2012-11-08","","191167589","0","0"
"710","2012-11-12","","429810925","0","0"
"711","2012-11-15","","323524855","1","400000000"
"712","2012-11-19","","0","4","141654300"
"713","2012-11-22","","0","8","25401100"
"714","2012-11-26","","0","2","91019900"
"715","2012-11-29","","0","4","43239100"
"716","2012-12-03","","0","2","86824800"
"717","2012-12-06","","0","3","63669600"
"718","2012-12-10","","187554507","0","0"
"719","2012-12-13","","0","5","84563100"
"720","2012-12-17","","194961175","0","0"
"721","2012-12-20","","444138139","0","0"
"722","2012-12-24","","0","2","374402800"
"723","2012-12-27","","210243965","0","0"
"724","2013-01-07","","129168839","1","400000000"
"725","2013-01-10","","0","1","380475100"
"726","2013-01-14","","186599329","0","0"
"727","2013-01-17","","0","3","143332300"
"728","2013-01-21","","0","3","63530800"
"729","2013-01-24","","0","2","98685000"
"730","2013-01-28","","0","3","66314100"
"731","2013-01-31","","0","2","98599200"
"732","2013-02-04","","0","2","105133100"
"733","2013-02-07","","0","6","31134100"
"734","2013-02-11","","0","2","90878300"
"735","2013-02-14","","0","1","191947900"
"736","2013-02-18","","0","1","195249400"
"737","2013-02-21","","0","5","35534000"
"738","2013-02-25","","0","3","63074300"
"739","2013-02-28","","0","1","189795600"
"740","2013-03-04","","0","8","22908400"
"741","2013-03-07","","0","3","62963200"
"742","2013-03-11","","0","5","34263800"
"743","2013-03-14","","0","1","166674600"
"744","2013-03-18","","0","2","85021400"
"745","2013-03-21","","0","2","81805900"
"746","2013-03-25","","0","2","89450700"
"747","2013-03-28","","0","5","35339700"
"748","2013-04-01","","0","3","54555200"
"749","2013-04-04","","0","1","147338200"
"750","2013-04-08","","148850413","0","0"
"751","2013-04-11","","0","2","170811100"
"752","2013-04-15","","0","1","148264300"
"753","2013-04-18","","0","1","153360100"
"754","2013-04-22","","158293668","0","0"
"755","2013-04-25","","0","1","357433900"
"756","2013-04-29","","0","1","135304800"
"757","2013-05-02","","0","1","158786500"
"758","2013-05-06","","0","3","48205400"
"759","2013-05-09","","0","1","150508300"
"760","2013-05-13","","0","2","76066200"
"761","2013-05-16","","0","3","45384700"
"762","2013-05-20","","0","2","66848900"
"763","2013-05-23","","0","4","36232500"
"764","2013-05-27","","0","1","152476300"
"765","2013-05-30","","0","1","143790100"
"766","2013-06-03","","142769195","0","0"
"767","2013-06-06","","305421962","0","0"
"768","2013-06-10","","0","3","166626300"
"769","2013-06-13","","0","2","71650300"
"770","2013-06-17","","0","1","154692500"
"771","2013-06-20","","155599643","0","0"
"772","2013-06-24","","319366210","0","0"
"773","2013-06-27","","0","3","168064100"
"774","2013-07-01","","147716863","0","0"
"775","2013-07-04","","0","6","56139200"
"776","2013-07-08","","0","3","45776400"
"777","2013-07-11","","0","1","146823800"
"778","2013-07-15","","0","4","32229100"
"779","2013-07-18","","0","2","72998900"
"780","2013-07-22","","0","1","134329400"
"781","2013-07-25","","0","1","147350400"
"782","2013-07-29","","0","3","48647800"
"783","2013-08-01","","0","1","140608100"
"784","2013-08-05","","0","1","142822100"
"785","2013-08-08","","139918477","0","0"
"786","2013-08-12","","0","3","97530200"
"787","2013-08-15","","0","1","130770500"
"788","2013-08-19","","0","2","65271100"
"789","2013-08-22","","145597887","0","0"
"790","2013-08-26","","0","3","102876700"
"791","2013-08-29","","0","1","149634700"
"792","2013-09-02","","0","2","70622000"
"793","2013-09-05","","142217329","0","0"
"794","2013-09-09","","318626275","0","0"
"795","2013-09-12","","0","7","73305200"
"796","2013-09-16","","0","1","121870200"
"797","2013-09-19","","0","2","68765900"
"798","2013-09-23","","248463449","0","0"
"799","2013-09-26","","0","7","58921400"
"800","2013-09-30","","0","1","131166300"
"801","2013-10-03","","0","1","145320600"
"802","2013-10-07","","0","1","128449300"
"803","2013-10-10","","148970728","0","0"
"804","2013-10-14","","0","2","150886900"
"805","2013-10-17","","0","1","140183100"
"806","2013-10-21","","138833615","0","0"
"807","2013-10-24","","0","1","291477000"
"808","2013-10-28","","146270097","0","0"
"809","2013-10-31","","0","3","107746800"
"810","2013-11-04","","0","4","36263600"
"811","2013-11-07","","0","1","140999500"
"812","2013-11-11","","141628660","0","0"
"813","2013-11-14","","0","3","98109100"
"814","2013-11-18","","0","5","26254400"
"815","2013-11-21","","0","1","127087500"
"816","2013-11-25","","0","2","62452100"
"817","2013-11-29","","0","1","145727200"
"818","2013-12-02","","139600060","0","0"
"819","2013-12-05","","0","2","150045900"
"820","2013-12-09","","0","1","137493800"
"821","2013-12-12","","0","1","141089200"
"822","2013-12-16","","0","5","24735100"
"823","2013-12-19","","0","2","66918700"
"824","2013-12-23","","135848970","0","0"
"825","2013-12-26","","0","4","73795200"
"826","2013-12-30","","0","3","45122000"
"827","2014-01-06","","134993898","0","0"
"828","2014-01-09","","0","1","293783400"
"829","2014-01-13","","0","1","136213400"
"830","2014-01-16","","0","4","34145100"
"831","2014-01-20","","0","3","42071400"
"832","2014-01-23","","0","2","70326900"
"833","2014-01-27","","0","1","129867100"
"834","2014-01-30","","143432919","0","0"
"835","2014-02-03","","0","4","76167200"
"836","2014-02-06","","0","2","69974600"
"837","2014-02-10","","135019275","0","0"
"838","2014-02-13","","0","1","302484800"
"839","2014-02-17","","0","2","58819200"
"840","2014-02-20","","0","2","62492100"
"841","2014-02-24","","130444902","0","0"
"842","2014-02-27","","0","2","142963400"
"843","2014-03-03","","0","1","132563500"
"844","2014-03-06","","126319769","0","0"
"845","2014-03-10","","0","1","270730000"
"846","2014-03-13","","132037455","0","0"
"847","2014-03-17","","294769911","0","0"
"848","2014-03-20","","0","2","232909500"
"849","2014-03-24","","0","2","64046100"
"850","2014-03-27","","140296289","0","0"
"851","2014-03-31","","0","3","96122100"
"852","2014-04-03","","0","1","129224400"
"853","2014-04-07","","132939440","0","0"
"854","2014-04-10","","0","1","280741900"
"855","2014-04-14","","134397657","0","0"
"856","2014-04-17","","0","2","155268000"
"857","2014-04-21","","0","1","128078300"
"858","2014-04-24","","0","2","71353500"
"859","2014-04-28","","136413520","0","0"
"860","2014-05-01","","0","3","101556000"
"861","2014-05-05","","0","3","41471000"
"862","2014-05-08","","135355967","0","0"
"863","2014-05-12","","0","2","145531400"
"864","2014-05-15","","0","2","68694900"
"865","2014-05-19","","0","6","16727400"
"866","2014-05-22","","128576326","0","0"
"867","2014-05-26","","273626115","0","0"
"868","2014-05-29","","447951484","0","0"
"869","2014-06-02","","0","7","89021500"
"870","2014-06-05","","0","1","129034400"
"871","2014-06-09","","0","3","38178300"
"872","2014-06-12","","0","1","117975100"
"873","2014-06-16","","0","1","136319400"
"874","2014-06-19","","124955572","0","0"
"875","2014-06-23","","0","2","129788300"
"876","2014-06-26","","0","1","128626000"
"877","2014-06-30","","138378499","0","0"
"878","2014-07-03","","0","1","290609800"
"879","2014-07-07","","138812697","0","0"
"880","2014-07-10","","0","2","140523000"
"881","2014-07-14","","116551216","0","0"
"882","2014-07-17","","0","1","262268600"
"883","2014-07-21","","0","1","118297900"
"884","2014-07-24","","119838550","0","0"
"885","2014-07-28","","0","1","269046500"
"886","2014-07-31","","0","1","120138400"
"887","2014-08-04","","0","1","114992600"
"888","2014-08-07","","0","1","122981400"
"889","2014-08-11","","122268699","0","0"
"890","2014-08-14","","252988536","0","0"
"891","2014-08-18","","0","2","213055100"
"892","2014-08-21","","140036758","0","0"
"893","2014-08-25","","287576167","0","0"
"894","2014-08-28","","0","2","229891000"
"895","2014-09-01","","0","6","19453800"
"896","2014-09-04","","126641809","0","0"
"897","2014-09-08","","0","3","89071400"
"898","2014-09-11","","0","4","31560700"
"899","2014-09-15","","0","1","115363100"
"900","2014-09-18","","0","2","63211900"
"901","2014-09-22","","119387020","0","0"
"902","2014-09-25","","0","1","269162200"
"903","2014-09-29","","0","1","113300900"
"904","2014-10-02","","118584306","0","0"
"905","2014-10-06","","0","2","131284900"
"906","2014-10-09","","121447115","0","0"
"907","2014-10-13","","0","5","49352900"
"908","2014-10-16","","0","1","119933000"
"909","2014-10-20","","0","1","121772100"
"910","2014-10-23","","0","1","109769800"
"911","2014-10-27","","0","1","118690300"
"912","2014-10-30","","0","2","64620500"
"913","2014-11-03","","0","2","60952200"
"914","2014-11-06","","244632508","0","0"
"915","2014-11-10","","0","4","100782800"
"916","2014-11-13","","0","1","115937100"
"917","2014-11-17","","121608804","0","0"
"918","2014-11-20","","400925200","0","0"
"919","2014-11-24","","555673063","0","0"
"920","2014-11-27","","735700073","0","0"
"921","2014-12-01","","523276110","1","400000000"
"922","2014-12-04","","0","2","342422300"
"923","2014-12-08","","0","2","68159800"
"924","2014-12-11","","137446611","0","0"
"925","2014-12-15","","0","3","97251100"
"926","2014-12-18","","133838035","0","0"
"927","2014-12-22","","296706788","0","0"
"928","2014-12-25","","70404713","1","400000000"
"929","2014-12-29","","0","5","43471100"
"930","2015-01-05","","0","1","137750200"
"931","2015-01-08","","124860306","0","0"
"932","2015-01-12","","0","1","276721400"
"933","2015-01-15","","0","2","62693000"
"934","2015-01-19","","0","1","125978000"
"935","2015-01-22","","0","2","58012000"
"936","2015-01-26","","125707844","0","0"
"937","2015-01-29","","0","3","89474500"
"938","2015-02-02","","0","3","40465900"
"939","2015-02-05","","119231853","0","0"
"940","2015-02-09","","0","1","272046600"
"941","2015-02-12","","0","1","121390700"
"942","2015-02-16","","116366306","0","0"
"943","2015-02-19","","0","3","87917000"
"944","2015-02-23","","0","1","129554500"
"945","2015-02-26","","0","2","59488300"
"946","2015-03-02","","0","4","29998800"
"947","2015-03-05","","0","2","61398000"
"948","2015-03-09","","121896967","0","0"
"949","2015-03-12","","266741384","0","0"
"950","2015-03-16","","19624312","1","400000000"
"951","2015-03-19","","144123227","0","0"
"952","2015-03-23","","0","2","143126900"
"953","2015-03-26","","0","4","30379200"
"954","2015-03-30","","124385476","0","0"
"955","2015-04-02","","0","1","267084300"
"956","2015-04-06","","115912032","0","0"
"957","2015-04-09","","0","3","86595800"
"958","2015-04-13","","0","2","59353800"
"959","2015-04-16","","0","1","135036000"
"960","2015-04-20","","0","2","61430200"
"961","2015-04-23","","0","1","115013400"
"962","2015-04-27","","0","4","29602900"
"963","2015-04-30","","0","2","64350000"
"964","2015-05-04","","118835741","0","0"
"965","2015-05-07","","0","2","126654500"
"966","2015-05-11","","0","1","133072000"
"967","2015-05-14","","0","1","123100400"
"968","2015-05-18","","0","1","110911400"
"969","2015-05-21","","0","1","113134300"
"970","2015-05-25","","0","2","55926200"
"971","2015-05-28","","0","4","25715300"
"972","2015-06-01","","0","1","117796500"
"973","2015-06-04","","0","2","49737200"
"974","2015-06-08","","118666833","0","0"
"975","2015-06-11","","241737086","0","0"
"976","2015-06-15","","391731490","0","0"
"977","2015-06-18","","560007047","0","0"
"978","2015-06-22","","338273733","1","400000000"
"979","2015-06-25","","78776205","1","400000000"
"980","2015-06-29","","0","3","75206100"
"981","2015-07-02","","0","1","120197200"
"982","2015-07-06","","128218058","0","0"
"983","2015-07-09","","0","1","271689400"
"984","2015-07-13","","115684719","0","0"
"985","2015-07-16","","0","4","60289500"
"986","2015-07-20","","0","2","56736900"
"987","2015-07-23","","0","4","27898400"
"988","2015-07-27","","114443128","0","0"
"989","2015-07-30","","0","1","246688200"
"990","2015-08-03","","0","4","26701800"
"991","2015-08-06","","0","3","35920900"
"992","2015-08-10","","95753342","0","0"
"993","2015-08-13","","330330282","0","0"
"994","2015-08-17","","484104446","0","0"
"995","2015-08-20","","234031537","1","400000000"
"996","2015-08-24","","370501171","0","0"
"997","2015-08-27","","108513197","1","400000000"
"998","2015-08-31","","0","2","120240500"
"999","2015-09-03","","125615901","0","0"
"1000","2015-09-07","","268345233","0","0"
"1001","2015-09-10","","7153015","1","400000000"
"1002","2015-09-14","","130866503","0","0"
"1003","2015-09-17","","0","2","136053200"
"1004","2015-09-21","","0","1","108151300"
"1005","2015-09-24","","0","1","111149300"
"1006","2015-09-28","","0","1","124749700"
"1007","2015-10-01","","0","1","113492400"
"1008","2015-10-05","","123911966","0","0"
"1009","2015-10-08","","271108458","0","0"
"1010","2015-10-12","","0","2","196662400"
"1011","2015-10-15","","0","1","129960800"
"1012","2015-10-19","","0","1","108211900"
"1013","2015-10-22","","129106482","0","0"
"1014","2015-10-26","","268322168","0","0"
"1015","2015-10-29","","18724752","1","400000000"
"1016","2015-11-02","","160113420","0","0"
"1017","2015-11-05","","0","3","103756100"
"1018","2015-11-09","","116514121","0","0"
"1019","2015-11-12","","251095228","0","0"
"1020","2015-11-16","","0","3","133486700"
"1021","2015-11-19","","125601483","0","0"
"1022","2015-11-23","","0","2","128119200"
"1023","2015-11-26","","0","2","58344500"
"1024","2015-11-30","","122143275","0","0"
"1025","2015-12-03","","0","1","260943800"
"1026","2015-12-07","","0","2","52917100"
"1027","2015-12-10","","120966218","0","0"
"1028","2015-12-14","","0","4","62660500"
"1029","2015-12-17","","0","1","119024800"
"1030","2015-12-21","","117518400","0","0"
"1031","2015-12-24","","252531046","0","0"
"1032","2015-12-28","","412952008","0","0"
"1033","2016-01-04","","0","2","282753200"
"1034","2016-01-07","","0","1","127300500"
"1035","2016-01-11","","113855362","0","0"
"1036","2016-01-14","","0","4","61726800"
"1037","2016-01-18","","0","1","113813400"
"1038","2016-01-21","","0","2","52512600"
"1039","2016-01-25","","125051453","0","0"
"1040","2016-01-28","","0","4","65169100"
"1041","2016-02-01","","0","3","39365300"
"1042","2016-02-04","","0","12","8291100"
"1043","2016-02-08","","0","1","132237700"
"1044","2016-02-11","","0","1","111439200"
"1045","2016-02-15","","0","2","64732900"
"1046","2016-02-18","","117943963","0","0"
"1047","2016-02-22","","0","1","254367900"
"1048","2016-02-25","","131928303","0","0"
"1049","2016-02-29","","0","1","254007900"
"1050","2016-03-03","","0","3","38678500"
"1051","2016-03-07","","0","1","119160600"
"1052","2016-03-10","","124574314","0","0"
"1053","2016-03-14","","0","3","82239100"
"1054","2016-03-17","","0","1","107805100"
"1055","2016-03-21","","104806984","0","0"
"1056","2016-03-24","","239117105","0","0"
"1057","2016-03-28","","0","1","376797400"
"1058","2016-03-31","","0","1","115484500"
"1059","2016-04-04","","0","2","61718600"
"1060","2016-04-07","","0","1","112704100"
"1061","2016-04-11","","0","1","121147800"
"1062","2016-04-14","","119316010","0","0"
"1063","2016-04-18","","0","2","127447200"
"1064","2016-04-21","","0","1","112756900"
"1065","2016-04-25","","0","2","61590200"
"1066","2016-04-28","","0","2","62523100"
"1067","2016-05-02","","0","1","108258500"
"1068","2016-05-05","","0","1","110869000"
"1069","2016-05-09","","0","4","30234500"
"1070","2016-05-12","","121834155","0","0"
"1071","2016-05-16","","0","2","126632600"
"1072","2016-05-19","","0","2","59091100"
"1073","2016-05-23","","108246759","0","0"
"1074","2016-05-26","","0","2","115607900"
"1075","2016-05-30","","114154317","0","0"
"1076","2016-06-02","","254791972","0","0"
"1077","2016-06-06","","0","2","197901400"
"1078","2016-06-09","","0","1","115777800"
"1079","2016-06-13","","0","4","26765200"
"1080","2016-06-16","","0","1","118773200"
"1081","2016-06-20","","112885276","0","0"
"1082","2016-06-23","","0","2","121707300"
"1083","2016-06-27","","0","3","38342600"
"1084","2016-06-30","","0","2","62278200"
"1085","2016-07-04","","0","1","120330700"
"1086","2016-07-07","","114640897","0","0"
"1087","2016-07-11","","0","1","245458400"
"1088","2016-07-14","","0","2","52484700"
"1089","2016-07-18","","0","1","110844700"
"1090","2016-07-21","","0","2","52371900"
"1091","2016-07-25","","0","15","8046100"
"1092","2016-07-28","","0","1","104835100"
"1093","2016-08-01","","119201119","0","0"
"1094","2016-08-04","","0","1","243901900"
"1095","2016-08-08","","0","2","46378400"
"1096","2016-08-11","","107452884","0","0"
"1097","2016-08-15","","0","1","220816300"
"1098","2016-08-18","","123428429","0","0"
"1099","2016-08-22","","0","5","45971700"
"1100","2016-08-25","","0","3","37958600"
"1101","2016-08-29","","0","1","104501300"
"1102","2016-09-01","","0","2","53346000"
"1103","2016-09-05","","108656081","0","0"
"1104","2016-09-08","","0","1","240488900"
"1105","2016-09-12","","0","3","39244000"
"1106","2016-09-15","","0","3","35491900"
"1107","2016-09-19","","0","1","99931500"
"1108","2016-09-22","","109562711","0","0"
"1109","2016-09-26","","0","2","116339700"
"1110","2016-09-29","","0","1","119660300"
"1111","2016-10-03","","0","2","56059200"
"1112","2016-10-06","","109217758","0","0"
"1113","2016-10-10","","0","1","232610100"
"1114","2016-10-13","","106492819","0","0"
"1115","2016-10-17","","0","4","56683600"
"1116","2016-10-20","","225823223","0","0"
"1117","2016-10-24","","0","2","174617600"
"1118","2016-10-27","","116917626","0","0"
"1119","2016-10-31","","0","3","81465700"
"1120","2016-11-03","","111220831","0","0"
"1121","2016-11-07","","249302847","0","0"
"1122","2016-11-10","","399629190","0","0"
"1123","2016-11-14","","0","3","184681300"
"1124","2016-11-17","","0","1","120119000"
"1125","2016-11-21","","116587730","0","0"
"1126","2016-11-24","","0","2","121776000"
"1127","2016-11-28","","114591920","0","0"
"1128","2016-12-01","","244865806","0","0"
"1129","2016-12-05","","0","2","193235600"
"1130","2016-12-08","","0","1","121251200"
"1131","2016-12-12","","0","2","54306800"
"1132","2016-12-15","","0","1","116000500"
"1133","2016-12-19","","121360932","0","0"
"1134","2016-12-22","","242429091","0","0"
"1135","2016-12-26","","405320947","0","0"
"1136","2016-12-29","","151792210","1","400000000"
"1137","2017-01-05","","299920710","0","0"
"1138","2017-01-09","","440962245","0","0"
"1139","2017-01-12","","189401711","1","400000000"
"1140","2017-01-16","","0","1","331666000"
"1141","2017-01-19","","0","3","37793100"
"1142","2017-01-23","","0","1","112869100"
"1143","2017-01-26","","0","1","126349600"
"1144","2017-01-30","","0","1","124530000"
"1145","2017-02-02","","112787035","0","0"
"1146","2017-02-06","","0","2","124691200"
"1147","2017-02-09","","0","2","102768800"
"1148","2017-02-13","","232357669","0","0"
"1149","2017-02-16","","520980964","0","0"
"1150","2017-02-20","","0","4","210763700"
"1151","2017-02-23","","37547727","1","200000000"
"1152","2017-02-27","","309349226","0","0"
"1153","2017-03-02","","601316116","0","0"
"1154","2017-03-06","","0","2","472134000"
"1155","2017-03-09","","238123706","0","0"
"1156","2017-03-13","","532309257","0","0"
"1157","2017-03-16","","256373097","1","600000000"
"1158","2017-03-20","","0","2","273100900"
"1159","2017-03-23","","15299173","1","200000000"
"1160","2017-03-27","","0","1","281850900"
"1161","2017-03-30","","35766902","1","200000000"
"1162","2017-04-03","","247187990","0","0"
"1163","2017-04-06","","0","1","522072300"
"1164","2017-04-10","","29513853","1","200000000"
"1165","2017-04-13","","0","1","285641000"
"1166","2017-04-17","","38069652","1","200000000"
"1167","2017-04-20","","0","3","97676200"
"1168","2017-04-24","","235042467","0","0"
"1169","2017-04-27","","0","1","525593200"
"1170","2017-05-01","","0","2","112794200"
"1171","2017-05-04","","0","3","75591500"
"1172","2017-05-08","","244061225","0","0"
"1173","2017-05-11","","0","2","245503400"
"1174","2017-05-15","","222811225","0","0"
"1175","2017-05-18","","0","1","469005400"
"1176","2017-05-22","","0","2","113683200"
"1177","2017-05-25","","14553105","1","200000000"
"1178","2017-05-29","","271353304","0","0"
"1179","2017-06-01","","540321223","0","0"
"1180","2017-06-05","","829773653","0","0"
"1181","2017-06-08","","0","2","589180700"
"1182","2017-06-12","","0","4","52790500"
"1183","2017-06-15","","239586911","0","0"
"1184","2017-06-19","","522947436","0","0"
"1185","2017-06-22","","223304816","1","600000000"
"1186","2017-06-26","","516480549","0","0"
"1187","2017-06-29","","229279477","1","600000000"
"1188","2017-07-03","","0","4","123969400"
"1189","2017-07-06","","50631101","1","200000000"
"1190","2017-07-10","","313139337","0","0"
"1191","2017-07-13","","0","2","291801500"
"1192","2017-07-17","","230401766","0","0"
"1193","2017-07-20","","481440653","0","0"
"1194","2017-07-24","","0","2","394326500"
"1195","2017-07-27","","0","5","46954900"
"1196","2017-07-31","","28830082","1","200000000"
"1197","2017-08-03","","0","2","133476300"
"1198","2017-08-07","","22635058","1","200000000"
"1199","2017-08-10","","0","2","124149600"
"1200","2017-08-14","","0","1","186945300"
"1201","2017-08-17","","22509741","1","200000000"
"1202","2017-08-21","","251516680","0","0"
"1203","2017-08-24","","519058296","0","0"
"1204","2017-08-28","","259874500","1","600000000"
"1205","2017-08-31","","554757354","0","0"
"1206","2017-09-04","","0","3","298063900"
"1207","2017-09-07","","250367098","0","0"
"1208","2017-09-11","","0","2","278697200"
"1209","2017-09-14","","235396540","0","0"
"1210","2017-09-18","","0","1","474683600"
"1211","2017-09-21","","0","4","51872600"
"1212","2017-09-25","","50621917","1","200000000"
"1213","2017-09-28","","0","1","287589500"
"1214","2017-10-02","","0","4","60794100"
"1215","2017-10-05","","0","2","106367500"
"1216","2017-10-09","","23416379","1","200000000"
"1217","2017-10-12","","0","2","137428500"
"1218","2017-10-16","","0","2","108143100"
"1219","2017-10-19","","25387956","1","200000000"
"1220","2017-10-23","","0","2","127209100"
"1221","2017-10-26","","0","2","108912600"
"1222","2017-10-30","","0","2","102038900"
"1223","2017-11-02","","29120372","1","200000000"
"1224","2017-11-06","","285167109","0","0"
"1225","2017-11-09","","572312467","0","0"
"1226","2017-11-13","","303835637","1","600000000"
"1227","2017-11-16","","0","3","198251700"
"1228","2017-11-20","","233219529","0","0"
"1229","2017-11-23","","514233131","0","0"
"1230","2017-11-27","","216124593","1","600000000"
"1231","2017-11-30","","0","1","494240100"
"1232","2017-12-04","","44676530","1","200000000"
"1233","2017-12-07","","0","1","269539600"
"1234","2017-12-11","","236022484","0","0"
"1235","2017-12-14","","498064563","0","0"
"1236","2017-12-18","","0","2","403855000"
"1237","2017-12-21","","249870372","0","0"
"1238","2017-12-25","","0","2","277207200"
"1239","2017-12-28","","54348251","1","200000000"
"1240","2018-01-04","","300217992","0","0"
"1241","2018-01-08","","0","1","573175500"
"1242","2018-01-11","","48567751","1","200000000"
"1243","2018-01-15","","0","1","322894600"
"1244","2018-01-18","","246625579","0","0"
"1245","2018-01-22","","529670483","0","0"
"1246","2018-01-25","","0","4","208129200"
"1247","2018-01-29","","0","3","78487100"
"1248","2018-02-01","","20547536","1","200000000"
"1249","2018-02-05","","0","3","82418700"
"1250","2018-02-08","","17958783","1","200000000"
"1251","2018-02-12","","270607267","0","0"
"1252","2018-02-15","","545633736","0","0"
"1253","2018-02-19","","276426216","1","600000000"
"1254","2018-02-22","","0","2","266505100"
"1255","2018-02-26","","51204253","1","200000000"
"1256","2018-03-01","","310655473","0","0"
"1257","2018-03-05","","0","2","303281400"
"1258","2018-03-08","","28795810","1","200000000"
"1259","2018-03-12","","298888606","0","0"
"1260","2018-03-15","","0","2","281942000"
"1261","2018-03-19","","248268877","0","0"
"1262","2018-03-22","","518679054","0","0"
"1263","2018-03-26","","239194456","1","600000000"
"1264","2018-03-29","","530695336","0","0"
"1265","2018-04-02","","258748125","1","600000000"
"1266","2018-04-05","","0","3","168675400"
"1267","2018-04-09","","56267219","1","200000000"
"1268","2018-04-12","","288938801","0","0"
"1269","2018-04-16","","598482491","0","0"
"1270","2018-04-20","","950514135","0","0"
"1271","2018-04-23","","748766205","1","600000000"
"1272","2018-04-26","","1091655132","0","0"
"1273","2018-04-30","","1486043254","0","0"
"1274","2018-05-03","","0","9","206748000"
"1275","2018-05-07","","4542652","1","200000000"
"1276","2018-05-10","","0","1","276629800"
"1277","2018-05-14","","53416511","1","200000000"
"1278","2018-05-17","","295949279","0","0"
"1279","2018-05-21","","578991991","0","0"
"1280","2018-05-24","","285586726","1","600000000"
"1281","2018-05-28","","0","1","571521400"
"1282","2018-05-31","","0","4","51367400"
"1283","2018-06-04","","258168830","0","0"
"1284","2018-06-07","","532698735","0","0"
"1285","2018-06-11","","0","3","280267300"
"1286","2018-06-14","","52525496","1","200000000"
"1287","2018-06-18","","0","2","161407700"
"1288","2018-06-21","","243576796","0","0"
"1289","2018-06-25","","0","1","522362900"
"1290","2018-06-28","","249693798","0","0"
"1291","2018-07-02","","0","1","506881500"
"1292","2018-07-05","","0","3","78782500"
"1293","2018-07-09","","28310786","1","200000000"
"1294","2018-07-12","","0","1","258113600"
"1295","2018-07-16","","30396782","1","200000000"
"1296","2018-07-19","","0","3","84258400"
"1297","2018-07-23","","32618983","1","200000000"
"1298","2018-07-26","","266282024","0","0"
"1299","2018-07-30","","0","2","259380200"
"1300","2018-08-02","","18410686","1","200000000"
"1301","2018-08-06","","253175343","0","0"
"1302","2018-08-09","","526484438","0","0"
"1303","2018-08-13","","821019464","0","0"
"1304","2018-08-16","","576512858","1","600000000"
"1305","2018-08-20","","907562919","0","0"
"1306","2018-08-23","","641663268","1","600000000"
"1307","2018-08-27","","372026796","1","600000000"
"1308","2018-08-30","","662062930","0","0"
"1309","2018-09-03","","420789350","1","600000000"
"1310","2018-09-06","","696692533","0","0"
"1311","2018-09-10","","0","3","335970100"
"1312","2018-09-13","","0","2","120471500"
"1313","2018-09-17","","38309977","1","200000000"
"1314","2018-09-20","","0","3","91653600"
"1315","2018-09-24","","27238834","1","200000000"
"1316","2018-09-27","","0","3","92137600"
"1317","2018-10-01","","235054490","0","0"
"1318","2018-10-04","","0","2","242181400"
"1319","2018-10-08","","212501736","0","0"
"1320","2018-10-11","","0","2","227401800"
"1321","2018-10-15","","0","2","127197300"
"1322","2018-10-18","","27111518","1","200000000"
"1323","2018-10-22","","256661111","0","0"
"1324","2018-10-25","","0","3","168286300"
"1325","2018-10-29","","227968303","0","0"
"1326","2018-11-01","","0","2","238587500"
"1327","2018-11-05","","0","2","115034500"
"1328","2018-11-08","","0","2","115973100"
"1329","2018-11-12","","30846620","1","200000000"
"1330","2018-11-15","","0","1","276653200"
"1331","2018-11-19","","240912284","0","0"
"1332","2018-11-22","","0","2","249251400"
"1333","2018-11-26","","24132387","1","200000000"
"1334","2018-11-29","","0","1","259569200"
"1335","2018-12-03","","0","4","62235400"
"1336","2018-12-06","","0","2","108017300"
"1337","2018-12-10","","0","4","55161000"
"1338","2018-12-13","","10886363","1","200000000"
"1339","2018-12-17","","0","1","265958300"
"1340","2018-12-20","","233121796","0","0"
"1341","2018-12-24","","0","2","243666700"
"1342","2018-12-27","","34812633","1","200000000"
"1343","2019-01-07","","0","2","149831600"
"1344","2019-01-10","","44945823","1","200000000"
"1345","2019-01-14","","282612734","0","0"
"1346","2019-01-17","","0","3","184111400"
"1347","2019-01-21","","0","2","116194600"
"1348","2019-01-24","","0","2","113126700"
"1349","2019-01-28","","243115607","0","0"
"1350","2019-01-31","","0","1","490945100"
"1351","2019-02-04","","24096183","1","200000000"
"1352","2019-02-07","","232713045","0","0"
"1353","2019-02-11","","0","3","151274200"
"1354","2019-02-14","","25842518","1","200000000"
"1355","2019-02-18","","0","1","270445900"
"1356","2019-02-21","","0","2","104132300"
"1357","2019-02-25","","0","5","37305200"
"1358","2019-02-28","","0","2","107316100"
"1359","2019-03-04","","215007459","0","0"
"1360","2019-03-07","","0","2","227332200"
"1361","2019-03-11","","211345060","0","0"
"1362","2019-03-14","","0","3","152305300"
"1363","2019-03-18","","234838859","0","0"
"1364","2019-03-21","","474085347","0","0"
"1365","2019-03-25","","768425970","0","0"
"1366","2019-03-28","","484539363","1","600000000"
"1367","2019-04-01","","149454317","1","600000000"
"1368","2019-04-04","","80052792","1","416288200"
"1369","2019-04-08","","345502969","0","0"
"1370","2019-04-11","","630223174","0","0"
"1371","2019-04-15","","0","2","452218500"
"1372","2019-04-18","","227218151","0","0"
"1373","2019-04-22","","0","2","256094200"
"1374","2019-04-25","","19116746","1","200000000"
"1375","2019-04-29","","249197830","0","0"
"1376","2019-05-02","","507783386","0","0"
"1377","2019-05-06","","0","2","401809500"
"1378","2019-05-09","","0","2","117942400"
"1379","2019-05-13","","34282495","1","200000000"
"1380","2019-05-16","","0","3","90915700"
"1381","2019-05-20","","7685086","1","200000000"
"1382","2019-05-23","","0","4","52124100"
"1383","2019-05-27","","10661970","1","200000000"
"1384","2019-05-30","","0","1","251413100"
"1385","2019-06-03","","0","2","128087300"
"1386","2019-06-06","","221098245","0","0"
"1387","2019-06-10","","0","1","490835000"
"1388","2019-06-13","","0","4","52668900"
"1389","2019-06-17","","240241160","0","0"
"1390","2019-06-20","","506516251","0","0"
"1391","2019-06-24","","0","2","403380500"
"1392","2019-06-27","","234558536","0","0"
"1393","2019-07-01","","525782104","0","0"
"1394","2019-07-04","","0","2","421482700"
"1395","2019-07-08","","47022904","1","200000000"
"1396","2019-07-11","","0","2","128244100"
"1397","2019-07-15","","15896750","1","200000000"
"1398","2019-07-18","","0","1","270589100"
"1399","2019-07-22","","235603525","0","0"
"1400","2019-07-25","","499923455","0","0"
"1401","2019-07-29","","0","2","392579300"
"1402","2019-08-01","","233801199","0","0"
"1403","2019-08-05","","499352964","0","0"
"1404","2019-08-08","","191352294","1","600000000"
"1405","2019-08-12","","0","2","198313700"
"1406","2019-08-15","","225206073","0","0"
"1407","2019-08-19","","497291867","0","0"
"1408","2019-08-22","","803644212","0","0"
"1409","2019-08-26","","0","3","378412300"
"1410","2019-08-29","","0","2","116189400"
"1411","2019-09-02","","0","3","73919900"
"1412","2019-09-05","","0","2","111720100"
"1413","2019-09-09","","226026624","0","0"
"1414","2019-09-12","","0","1","497554300"
"1415","2019-09-16","","226201717","0","0"
"1416","2019-09-19","","0","4","114223800"
"1417","2019-09-23","","0","3","67394900"
"1418","2019-09-26","","242100541","0","0"
"1419","2019-09-30","","0","1","475191400"
"1420","2019-10-03","","209138253","0","0"
"1421","2019-10-07","","0","2","237822500"
"1422","2019-10-10","","0","3","73241900"
"1423","2019-10-14","","4742987","1","200000000"
"1424","2019-10-17","","0","1","224539100"
"1425","2019-10-21","","233326132","0","0"
"1426","2019-10-24","","0","2","243874100"
"1427","2019-10-28","","26224638","1","200000000"
"1428","2019-10-31","","277952941","0","0"
"1429","2019-11-04","","0","2","260708500"
"1430","2019-11-07","","0","4","48503600"
"1431","2019-11-11","","37840016","1","200000000"
"1432","2019-11-14","","0","1","274604000"
"1433","2019-11-18","","209498189","0","0"
"1434","2019-11-21","","476923544","0","0"
"1435","2019-11-25","","156510465","1","600000000"
"1436","2019-11-28","","386599935","0","0"
"1437","2019-12-02","","645738163","0","0"
"1438","2019-12-05","","0","2","458648600"
"1439","2019-12-09","","0","3","77370500"
"1440","2019-12-12","","235230661","0","0"
"1441","2019-12-16","","0","1","515887800"
"1442","2019-12-19","","0","2","122984000"
"1443","2019-12-23","","0","2","106577600"
"1444","2019-12-26","","234554381","0","0"
"1445","2019-12-30","","0","1","507733800"
"1446","2020-01-09","","0","3","95828100"
"1447","2020-01-13","","0","3","70389900"
"1448","2020-01-16","","0","4","57688600"
"1449","2020-01-20","","0","3","78635800"
"1450","2020-01-23","","0","2","121327500"
"1451","2020-01-27","","0","10","21232800"
"1452","2020-01-30","","40243754","1","200000000"
"1453","2020-02-03","","0","2","148241900"
"1454","2020-02-06","","37752571","1","200000000"
"1455","2020-02-10","","0","2","139607700"
"1456","2020-02-13","","209202625","0","0"
"1457","2020-02-17","","0","2","230610700"
"1458","2020-02-20","","220041336","0","0"
"1459","2020-02-24","","0","3","152341800"
"1460","2020-02-27","","0","3","67943900"
"1461","2020-03-02","","204490218","0","0"
"1462","2020-03-05","","0","1","453585500"
"1463","2020-03-09","","248323703","0","0"
"1464","2020-03-12","","0","1","504639300"
"1465","2020-03-16","","0","3","72464300"
"1466","2020-03-19","","229144920","0","0"
"1467","2020-03-23","","0","2","240980700"
"1468","2020-03-26","","2729175","1","200000000"
"1469","2020-03-30","","0","2","102077800"
"1470","2020-04-02","","222671139","0","0"
"1471","2020-04-06","","0","1","495652700"
"1472","2020-04-09","","0","1","197820500"
"1473","2020-04-13","","0","1","181579500"
"1474","2020-04-16","","0","1","182687800"
"1475","2020-04-20","","0","3","55886900"
"1476","2020-04-23","","187502802","0","0"
"1477","2020-04-27","","0","2","177912200"
"1478","2020-04-30","","155729584","0","0"
"1479","2020-05-04","","0","1","334097800"
"1480","2020-05-07","","126404430","0","0"
"1481","2020-05-11","","0","1","319783400"
"1482","2020-05-14","","182198254","0","0"
"1483","2020-05-18","","398389709","0","0"
"1484","2020-05-21","","641899336","0","0"
"1485","2020-05-25","","0","2","466750300"
"1486","2020-05-28","","24543661","1","200000000"
"1487","2020-06-01","","0","1","246318900"
"1488","2020-06-04","","207118226","0","0"
"1489","2020-06-08","","448916617","0","0"
"1490","2020-06-11","","0","2","364999800"
"1491","2020-06-15","","102612262","1","200000000"
"1492","2020-06-18","","0","2","181232600"
"1493","2020-06-22","","34161074","1","200000000"
"1494","2020-06-25","","0","1","262835300"
"1495","2020-06-29","","245538914","0","0"
"1496","2020-07-02","","0","2","256141800"
"1497","2020-07-06","","44163408","1","200000000"
"1498","2020-07-09","","274581523","0","0"
"1499","2020-07-13","","0","1","536585000"
"1500","2020-07-16","","251664236","0","0"
"1501","2020-07-20","","0","26","19933500"
"1502","2020-07-23","","234010543","0","0"
"1503","2020-07-27","","0","1","521514300"
"1504","2020-07-30","","25327438","1","200000000"
"1505","2020-08-03","","0","1","278421000"
"1506","2020-08-06","","221608616","0","0"
"1507","2020-08-10","","499358563","0","0"
"1508","2020-08-13","","0","3","263028200"
"1509","2020-08-17","","35299545","1","200000000"
"1510","2020-08-20","","0","2","136105800"
"1511","2020-08-24","","41449124","1","200000000"
"1512","2020-08-27","","0","1","277445900"
"1513","2020-08-31","","45111996","1","200000000"
"1514","2020-09-03","","0","7","42779100"
"1515","2020-09-07","","212989888","0","0"
"1516","2020-09-10","","0","2","253136000"
"1517","2020-09-14","","46170569","1","200000000"
"1518","2020-09-17","","0","1","291679500"
"1519","2020-09-21","","216940381","0","0"
"1520","2020-09-24","","0","2","232863600"
"1521","2020-09-28","","0","3","83344800"
"1522","2020-10-01","","231115292","0","0"
"1523","2020-10-05","","504644081","0","0"
"1524","2020-10-08","","778802175","0","0"
"1525","2020-10-12","","0","6","181609300"
"1526","2020-10-15","","0","3","78738700"
"1527","2020-10-19","","0","3","68377800"
"1528","2020-10-22","","0","2","119727100"
"1529","2020-10-26","","237713916","0","0"
"1530","2020-10-29","","0","1","512112200"
"1531","2020-11-02","","222085941","0","0"
"1532","2020-11-05","","0","2","240046100"
"1533","2020-11-09","","0","2","117494300"
"1534","2020-11-12","","228058535","0","0"
"1535","2020-11-16","","0","2","259475600"
"1536","2020-11-19","","23089269","1","200000000"
"1537","2020-11-23","","0","1","261378200"
"1538","2020-11-26","","240048771","0","0"
"1539","2020-11-30","","0","1","530475300"
"1540","2020-12-03","","0","2","118845000"
"1541","2020-12-07","","241455786","0","0"
"1542","2020-12-10","","512809029","0","0"
"1543","2020-12-14","","829184615","0","0"
"1544","2020-12-17","","546688277","1","600000000"
"1545","2020-12-21","","255503255","1","600000000"
"1546","2020-12-24","","0","2","275572000"
"1547","2020-12-28","","50556777","1","200000000"
"1548","2021-01-04","","315786518","0","0"
"1549","2021-01-07","","589229311","0","0"
"1550","2021-01-11","","277893021","1","600000000"
"1551","2021-01-14","","0","3","180897400"
"1552","2021-01-18","","56849793","1","200000000"
"1553","2021-01-21","","0","4","77867100"
"1554","2021-01-25","","0","2","124357100"
"1555","2021-01-28","","0","2","101798900"
"1556","2021-02-01","","257093373","0","0"
"1557","2021-02-04","","522290979","0","0"
"1558","2021-02-08","","213722015","1","600000000"
"1559","2021-02-11","","0","1","480866800"
"1560","2021-02-15","","43496170","1","200000000"
"1561","2021-02-18","","0","2","149668200"
"1562","2021-02-22","","235538502","0","0"
"1563","2021-02-25","","512240826","0","0"
"1564","2021-03-01","","0","3","268498000"
"1565","2021-03-04","","20374543","1","200000000"
"1566","2021-03-08","","0","2","139763500"
"1567","2021-03-11","","0","2","111522300"
"1568","2021-03-15","","221755287","0","0"
"1569","2021-03-18","","490783276","0","0"
"1570","2021-03-22","","183123869","1","600000000"
"1571","2021-03-25","","0","1","447344100"
"1572","2021-03-29","","0","4","54869000"
"1573","2021-04-01","","68970442","1","200000000"
"1574","2021-04-05","","0","1","321516000"
"1575","2021-04-08","","0","5","42570000"
"1576","2021-04-12","","20753880","1","200000000"
"1577","2021-04-15","","268942151","0","0"
"1578","2021-04-19","","0","2","273075900"
"1579","2021-04-22","","250321018","0","0"
"1580","2021-04-26","","0","9","54374500"
"1581","2021-04-29","","230344081","0","0"
"1582","2021-05-03","","518260405","0","0"
"1583","2021-05-06","","815104198","0","0"
"1584","2021-05-10","","560297731","1","600000000"
"1585","2021-05-13","","838477235","0","0"
"1586","2021-05-17","","1165623025","0","0"
"1587","2021-05-20","","1519263024","0","0"
"1588","2021-05-24","","1884619690","0","0"
"1589","2021-05-27","","1674674315","1","600000000"
"1590","2021-05-31","","1433672168","1","600000000"
"1591","2021-06-03","","1170178009","1","600000000"
"1592","2021-06-07","","915087669","1","600000000"
"1593","2021-06-10","","1220647866","0","0"
"1594","2021-06-14","","951269641","1","600000000"
"1595","2021-06-17","","722046804","1","600000000"
"1596","2021-06-21","","1065679551","0","0"
"1597","2021-06-24","","0","3","454290200"
"1598","2021-06-28","","64156365","1","200000000"
"1599","2021-07-01","","0","1","337889600"
"1600","2021-07-05","","52913916","1","200000000"
"1601","2021-07-08","","298461714","0","0"
"1602","2021-07-12","","577560631","0","0"
"1603","2021-07-15","","891835621","0","0"
"1604","2021-07-19","","0","4","303278000"
"1605","2021-07-22","","224721445","0","0"
"1606","2021-07-26","","0","1","505790600"
"1607","2021-07-29","","231585365","0","0"
"1608","2021-08-02","","0","1","509282000"
"1609","2021-08-05","","31561885","1","200000000"
"1610","2021-08-09","","266800327","0","0"
"1611","2021-08-12","","0","2","259020800"
"1612","2021-08-16","","0","8","25388800"
"1613","2021-08-19","","228496717","0","0"
"1614","2021-08-23","","521307271","0","0"
"1615","2021-08-26","","192257783","1","600000000"
"1616","2021-08-30","","0","1","478273700"
"1617","2021-09-02","","45144696","1","200000000"
"1618","2021-09-06","","309939596","0","0"
"1619","2021-09-09","","0","1","582585000"
"1620","2021-09-13","","236227979","0","0"
"1621","2021-09-16","","0","1","512063000"
"1622","2021-09-20","","253752770","0","0"
"1623","2021-09-23","","0","2","260837600"
"1624","2021-09-27","","0","4","57625000"
"1625","2021-09-30","","220819031","0","0"
"1626","2021-10-04","","501647043","0","0"
"1627","2021-10-07","","817414530","0","0"
"1628","2021-10-11","","0","2","563845400"
"1629","2021-10-14","","252051095","0","0"
"1630","2021-10-18","","0","4","136548900"
"1631","2021-10-21","","0","2","115123800"
"1632","2021-10-25","","0","3","80875700"
"1633","2021-10-28","","227231251","0","0"
"1634","2021-11-01","","519489077","0","0"
"1635","2021-11-04","","0","2","407945900"
"1636","2021-11-08","","0","4","59738300"
"1637","2021-11-11","","0","2","103420200"
"1638","2021-11-15","","263064473","0","0"
"1639","2021-11-18","","524812177","0","0"
"1640","2021-11-22","","0","2","401018100"
"1641","2021-11-25","","0","7","29018900"
"1642","2021-11-29","","38749670","1","200000000"
"1643","2021-12-02","","0","2","140904800"
"1644","2021-12-06","","47978103","1","200000000"
"1645","2021-12-09","","0","3","93784600"
"1646","2021-12-13","","246698413","0","0"
"1647","2021-12-16","","514883908","0","0"
"1648","2021-12-20","","0","3","275607500"
"1649","2021-12-23","","236315434","0","0"
"1650","2021-12-27","","0","4","132929600"
"1651","2021-12-30","","0","2","119491000"
"1652","2022-01-06","","0","2","119844100"
"1653","2022-01-10","","23285229","1","200000000"
"1654","2022-01-13","","285849238","0","0"
"1655","2022-01-17","","606988061","0","0"
"1656","2022-01-20","","0","2","462303000"
"1657","2022-01-24","","57866369","1","200000000"
"1658","2022-01-27","","0","2","160290900"
"1659","2022-01-31","","49073733","1","200000000"
"1660","2022-02-03","","0","1","321050200"
"1661","2022-02-07","","260015227","0","0"
"1662","2022-02-10","","0","1","518825300"
"1663","2022-02-14","","228097048","0","0"
"1664","2022-02-17","","0","1","498086000"
"1665","2022-02-21","","47590471","1","200000000"
"1666","2022-02-24","","311283430","0","0"
"1667","2022-02-28","","600583728","0","0"
"1668","2022-03-03","","331915902","1","600000000"
"1669","2022-03-07","","0","2","306391000"
"1670","2022-03-10","","245483960","0","0"
"1671","2022-03-14","","0","1","549305500"
"1672","2022-03-17","","0","2","114360000"
"1673","2022-03-21","","245050874","0","0"
"1674","2022-03-24","","0","1","522554500"
"1675","2022-03-28","","56467348","1","200000000"
"1676","2022-03-31","","310308997","0","0"
"1677","2022-04-04","","0","3","205631800"
"1678","2022-04-07","","0","2","109880500"
"1679","2022-04-11","","244518910","0","0"
"1680","2022-04-14","","521914281","0","0"
"1681","2022-04-18","","840491202","0","0"
"1682","2022-04-21","","1179068911","0","0"
"1683","2022-04-25","","0","3","526693900"
"1684","2022-04-28","","52910000","1","200000000"
"1685","2022-05-02","","0","1","332065800"
"1686","2022-05-05","","0","2","102693600"
"1687","2022-05-09","","256069713","0","0"
"1688","2022-05-12","","0","3","173844600"
"1689","2022-05-16","","0","5","48329100"
"1690","2022-05-19","","0","3","72360700"
"1691","2022-05-23","","242381810","0","0"
"1692","2022-05-26","","0","1","520778600"
"1693","2022-05-30","","27866964","1","200000000"
"1694","2022-06-02","","0","1","267868300"
"1695","2022-06-06","","16122806","1","200000000"
"1696","2022-06-09","","255992308","0","0"
"1697","2022-06-13","","0","1","516523200"
"1698","2022-06-16","","235526810","0","0"
"1699","2022-06-20","","0","1","507202600"
"1700","2022-06-23","","237776885","0","0"
"1701","2022-06-27","","0","3","168435800"
"1702","2022-06-30","","0","1","198347600"
"1703","2022-07-04","","46576051","1","200000000"
"1704","2022-07-07","","292451884","0","0"
"1705","2022-07-11","","0","2","272161500"
"1706","2022-07-14","","227711765","0","0"
"1707","2022-07-18","","0","1","489691600"
"1708","2022-07-21","","241800268","0","0"
"1709","2022-07-25","","0","1","496248600"
"1710","2022-07-28","","216230165","0","0"
"1711","2022-08-01","","505198420","0","0"
"1712","2022-08-04","","765874905","0","0"
"1713","2022-08-08","","1089824702","0","0"
"1714","2022-08-11","","1398751276","0","0"
"1715","2022-08-15","","0","5","340516100"
"1716","2022-08-18","","225178871","0","0"
"1717","2022-08-22","","0","1","505268900"
"1718","2022-08-25","","215678318","0","0"
"1719","2022-08-29","","0","3","163593600"
"1720","2022-09-01","","0","2","112190500"
"1721","2022-09-05","","0","4","56371800"
"1722","2022-09-08","","0","2","117408500"
"1723","2022-09-12","","224760293","0","0"
"1724","2022-09-15","","0","2","237946800"
"1725","2022-09-19","","7084941","1","200000000"
"1726","2022-09-22","","245150001","0","0"
"1727","2022-09-26","","0","2","254648900"
"1728","2022-09-29","","0","2","106579500"
"1729","2022-10-03","","225468042","0","0"
"1730","2022-10-06","","0","2","231356100"
"1731","2022-10-10","","0","3","71117500"
"1732","2022-10-13","","228477301","0","0"
"1733","2022-10-17","","0","1","516755500"
"1734","2022-10-20","","0","2","103129400"
"1735","2022-10-24","","246009338","0","0"
"1736","2022-10-27","","0","4","123702000"
"1737","2022-10-31","","228993138","0","0"
"1738","2022-11-03","","0","3","168079300"
"1739","2022-11-07","","45299092","1","200000000"
"1740","2022-11-10","","290024789","0","0"
"1741","2022-11-14","","0","2","282134100"
"1742","2022-11-17","","242964451","0","0"
"1743","2022-11-21","","0","1","525681400"
"1744","2022-11-24","","217695740","0","0"
"1745","2022-11-28","","492325906","0","0"
"1746","2022-12-01","","760000989","0","0"
"1747","2022-12-05","","1080044049","0","0"
"1748","2022-12-08","","202218000","2","600000000"
"1749","2022-12-12","","0","1","496122900"
"1750","2022-12-15","","41084530","1","200000000"
"1751","2022-12-19","","0","2","145793100"
"1752","2022-12-22","","223452511","0","0"
"1753","2022-12-26","","0","4","120198100"
"1754","2022-12-29","","226358966","0","0"
"1755","2023-01-05","","0","1","492706600"
"1756","2023-01-09","","0","3","90288300"
"1757","2023-01-12","","30940310","1","200000000"
"1758","2023-01-16","","0","2","143786400"
"1759","2023-01-19","","222368506","0","0"
"1760","2023-01-23","","498062325","0","0"
"1761","2023-01-26","","155247670","1","600000000"
"1762","2023-01-30","","0","2","211296300"
"1763","2023-02-02","","236001349","0","0"
"1764","2023-02-06","","523127255","0","0"
"1765","2023-02-09","","809588526","0","0"
"1766","2023-02-13","","539361496","1","600000000"
"1767","2023-02-16","","0","2","411168200"
"1768","2023-02-20","","253456544","0","0"
"1769","2023-02-23","","500442562","0","0"
"1770","2023-02-27","","0","2","398402400"
"1771","2023-03-02","","15485862","1","200000000"
"1772","2023-03-06","","267706152","0","0"
"1773","2023-03-09","","535087487","0","0"
"1774","2023-03-13","","844604763","0","0"
"1775","2023-03-16","","523302617","1","600000000"
"1776","2023-03-20","","0","8","99346200"
"1777","2023-03-23","","39914722","1","200000000"
"1778","2023-03-27","","283213972","0","0"
"1779","2023-03-30","","563477875","0","0"
"1780","2023-04-03","","858029577","0","0"
"1781","2023-04-06","","585354422","1","600000000"
"1782","2023-04-10","","893217003","0","0"
"1783","2023-04-13","","0","3","398379800"
"1784","2023-04-17","","254293846","0","0"
"1785","2023-04-20","","0","2","259104900"
"1786","2023-04-24","","0","3","74854700"
"1787","2023-04-27","","40173376","1","200000000"
"1788","2023-05-01","","0","3","94568500"
"1789","2023-05-04","","0","2","104929100"
"1790","2023-05-08","","25920957","1","200000000"
"1791","2023-05-11","","0","1","258224200"
"1792","2023-05-15","","232706901","0","0"
"1793","2023-05-18","","0","1","471004800"
"1794","2023-05-22","","120468915","1","200000000"
"1795","2023-05-25","","382474902","0","0"
"1796","2023-05-29","","19076924","1","600000000"
"1797","2023-06-01","","270107659","0","0"
"1798","2023-06-05","","0","1","537761200"
"1799","2023-06-08","","233865642","0","0"
"1800","2023-06-12","","488656494","0","0"
"1801","2023-06-15","","771504813","0","0"
"1802","2023-06-19","","495654725","1","600000000"
"1803","2023-06-22","","0","2","381595900"
"1804","2023-06-26","","237908208","0","0"
"1805","2023-06-29","","513627388","0","0"
"1806","2023-07-03","","829360116","0","0"
"1807","2023-07-06","","0","6","182247300"
"1808","2023-07-10","","38718308","1","200000000"
"1809","2023-07-13","","0","1","255706700"
"1810","2023-07-17","","222620640","0","0"
"1811","2023-07-20","","463972886","0","0"
"1812","2023-07-24","","0","2","372892500"
"1813","2023-07-27","","220726195","0","0"
"1814","2023-07-31","","0","3","159510400"
"1815","2023-08-03","","192885681","0","0"
"1816","2023-08-07","","477568650","0","0"
"1817","2023-08-10","","745117766","0","0"
"1818","2023-08-14","","0","3","338006100"
"1819","2023-08-17","","213428141","0","0"
"1820","2023-08-21","","485149304","0","0"
"1821","2023-08-24","","0","2","366131200"
"1822","2023-08-28","","21290207","1","200000000"
"1823","2023-08-31","","252636681","0","0"
"1824","2023-09-04","","0","1","516962700"
"1825","2023-09-07","","0","2","114153400"
"1826","2023-09-11","","212235063","0","0"
"1827","2023-09-14","","466330270","0","0"
"1828","2023-09-18","","112124781","1","600000000"
"1829","2023-09-21","","0","1","351361300"
"1830","2023-09-25","","229479469","0","0"
"1831","2023-09-28","","0","2","245962100"
"1832","2023-10-02","","0","3","79450400"
"1833","2023-10-05","","26740704","1","200000000"
"1834","2023-10-09","","266974272","0","0"
"1835","2023-10-12","","517135946","0","0"
"1836","2023-10-16","","0","2","399234500"
"1837","2023-10-19","","230820246","0","0"
"1838","2023-10-23","","0","3","165067400"
"1839","2023-10-26","","217376707","0","0"
"1840","2023-10-30","","468003679","0","0"
"1841","2023-11-02","","135376643","1","600000000"
"1842","2023-11-06","","0","7","52614100"
"1843","2023-11-09","","201702992","0","0"
"1844","2023-11-13","","0","1","475066400"
"1845","2023-11-16","","22390898","1","200000000"
"1846","2023-11-20","","251687935","0","0"
"1847","2023-11-23","","0","1","505533800"
"1848","2023-11-27","","26989766","1","200000000"
"1849","2023-11-30","","0","1","262837000"
"1850","2023-12-04","","236682846","0","0"
"1851","2023-12-07","","486750428","0","0"
"1852","2023-12-11","","792979562","0","0"
"1853","2023-12-14","","0","2","548747800"
"1854","2023-12-18","","220323037","0","0"
"1855","2023-12-21","","513633078","0","0"
"1856","2023-12-25","","242890729","1","600000000"
"1857","2023-12-28","","531364755","0","0"
"1858","2024-01-04","","822109563","0","0"
"1859","2024-01-08","","1134064954","0","0"
"1860","2024-01-11","","281262616","2","600000000"
"1861","2024-01-15","","0","2","282827200"
"1862","2024-01-18","","40435498","1","200000000"
"1863","2024-01-22","","300299055","0","0"
"1864","2024-01-25","","0","1","574191000"
"1865","2024-01-29","","0","3","73761800"
"1866","2024-02-01","","233273334","0","0"
"1867","2024-02-05","","0","1","504004900"
"1868","2024-02-08","","0","2","101919500"
"1869","2024-02-12","","16177185","1","200000000"
"1870","2024-02-15","","245047218","0","0"
"1871","2024-02-19","","0","2","254066500"
"1872","2024-02-22","","29345751","1","200000000"
"1873","2024-02-26","","0","2","131721800"
"1874","2024-02-29","","238677746","0","0"
"1875","2024-03-04","","0","3","166298400"
"1876","2024-03-07","","221891680","0","0"
"1877","2024-03-11","","482832946","0","0"
"1878","2024-03-14","","0","2","368908100"
"1879","2024-03-18","","34749329","1","200000000"
"1880","2024-03-21","","280690425","0","0"
"1881","2024-03-25","","0","2","275084000"
"1882","2024-03-28","","4226616","1","200000000"
"1883","2024-04-01","","0","1","230077300"
"1884","2024-04-04","","234245366","0","0"
"1885","2024-04-08","","0","1","489806400"
"1886","2024-04-11","","0","2","105659600"
"1887","2024-04-15","","216067328","0","0"
"1888","2024-04-18","","466861903","0","0"
"1889","2024-04-22","","142399180","1","600000000"
"1890","2024-04-25","","405444399","0","0"
"1891","2024-04-29","","677231175","0","0"
"1892","2024-05-02","","345879883","1","600000000"
"1893","2024-05-06","","0","2","310731000"
"1894","2024-05-09","","235032541","0","0"
"1895","2024-05-13","","0","2","247410400"
"1896","2024-05-16","","211609968","0","0"
"1897","2024-05-20","","467565603","0","0"
"1898","2024-05-23","","0","3","241813300"
"1899","2024-05-27","","214862563","0","0"
"1900","2024-05-30","","463390688","0","0"
"1901","2024-06-03","","132921531","1","600000000"
"1902","2024-06-06","","0","1","374961800"
"1903","2024-06-10","","0","2","110005700"
"1904","2024-06-13","","212054878","0","0"
"1905","2024-06-17","","0","4","114995300"
"1906","2024-06-20","","0","3","70838900"
"1907","2024-06-24","","226835269","0","0"
"1908","2024-06-27","","472876951","0","0"
"1909","2024-07-01","","101308807","1","600000000"
"1910","2024-07-04","","0","1","332909800"
"1911","2024-07-08","","212398251","0","0"
"1912","2024-07-11","","454629017","0","0"
"1913","2024-07-15","","0","2","347186900"
"1914","2024-07-18","","0","2","106724200"
"1915","2024-07-22","","212916545","0","0"
"1916","2024-07-25","","0","1","442499500"
"1917","2024-07-29","","21305800","1","200000000"
"1918","2024-08-01","","0","6","37642000"
"1919","2024-08-05","","0","3","70987400"
"1920","2024-08-08","","0","2","100599100"
"1921","2024-08-12","","3992505","1","200000000"
"1922","2024-08-15","","212329390","0","0"
"1923","2024-08-19","","462281689","0","0"
"1924","2024-08-22","","0","2","356524000"
"1925","2024-08-26","","211853722","0","0"
"1926","2024-08-29","","453132589","0","0"
"1927","2024-09-02","","132813201","1","600000000"
"1928","2024-09-05","","379755871","0","0"
"1929","2024-09-09","","667019502","0","0"
"1930","2024-09-12","","0","3","313326300"
"1931","2024-09-16","","19052827","1","200000000"
"1932","2024-09-19","","0","1","247212700"
"1933","2024-09-23","","0","3","57055600"
"1934","2024-09-26","","22613429","1","200000000"
"1935","2024-09-30","","246101056","0","0"
"1936","2024-10-03","","496665863","0","0"
"1937","2024-10-07","","0","2","391290900"
"1938","2024-10-10","","18953720","1","200000000"
"1939","2024-10-14","","0","2","122236300"
"1940","2024-10-17","","16939059","1","200000000"
"1941","2024-10-21","","0","1","245989400"
"1942","2024-10-24","","217209902","0","0"
"1943","2024-10-28","","0","2","231601500"
"1944","2024-10-31","","0","2","105420000"
"1945","2024-11-04","","0","2","104034300"
"1946","2024-11-07","","196432716","0","0"
"1947","2024-11-11","","462806084","0","0"
"1948","2024-11-14","","0","2","377664000"
"1949","2024-11-18","","23903437","1","200000000"
"1950","2024-11-21","","257432231","0","0"
"1951","2024-11-25","","0","1","500141700"
"1952","2024-11-28","","27389705","1","200000000"
"1953","2024-12-02","","0","1","279082400"
"1954","2024-12-05","","209893841","0","0"
"1955","2024-12-09","","463287000","0","0"
"1956","2024-12-12","","740760596","0","0"
"1957","2024-12-16","","466973777","1","600000000"
"1958","2024-12-19","","161134078","1","600000000"
"1959","2024-12-23","","0","1","453644600"
"1960","2024-12-26","","51986189","1","200000000"
"1961","2024-12-30","","0","3","99354600"
"1962","2025-01-06","","221083304","0","0"
"1963","2025-01-09","","485899223","0","0"
"1964","2025-01-13","","0","2","380755400"
"1965","2025-01-16","","226335385","0","0"
"1966","2025-01-20","","0","2","245216100"
"1967","2025-01-23","","208541317","0","0"
"1968","2025-01-27","","0","1","467060300"
"1969","2025-01-30","","201148825","0","0"
"1970","2025-02-03","","0","1","473982200"
"1971","2025-02-06","","204356057","0","0"
"1972","2025-02-10","","0","2","232087100"
"1973","2025-02-13","","205147427","0","0"
"1974","2025-02-17","","469420123","0","0"
"1975","2025-02-20","","0","3","254048800"
"1976","2025-02-24","","15625957","1","200000000"
"1977","2025-02-27","","0","7","37160000"
"1978","2025-03-03","","46177490","1","200000000"
"1979","2025-03-06","","283712254","0","0"
"1980","2025-03-10","","0","2","288235400"
"1981","2025-03-13","","208586608","0","0"
"1982","2025-03-17","","477710057","0","0"
"1983","2025-03-20","","747824533","0","0"
"1984","2025-03-24","","456522723","1","600000000"
"1985","2025-03-27","","745827333","0","0"
"1986","2025-03-31","","1057592440","0","0"
"1987","2025-04-03","","753645824","1","600000000"
"1988","2025-04-07","","447886685","1","600000000"
"1989","2025-04-10","","721346489","0","0"
"1990","2025-04-14","","400711088","1","600000000"
"1991","2025-04-17","","0","2","333146900"
"1992","2025-04-21","","0","2","107593400"
"1993","2025-04-24","","14616653","1","200000000"
"1994","2025-04-28","","0","1","243750300"
"1995","2025-05-01","","0","3","66525400"
"1996","2025-05-05","","0","2","105651300"
"1997","2025-05-08","","216449935","0","0"
"1998","2025-05-12","","468895009","0","0"
"1999","2025-05-15","","756752052","0","0"
"2000","2025-05-19","","1053097181","0","0"
"2001","2025-05-22","","755578703","1","600000000"
"2002","2025-05-26","","1059361065","0","0"
"2003","2025-05-29","","0","5","272022200"
"2004","2025-06-02","","237113181","0","0"
"2005","2025-06-05","","480117370","0","0"
"2006","2025-06-09","","0","2","366756500"
"2007","2025-06-12","","2290785","1","200000000"
"2008","2025-06-16","","0","1","212980400"
"2009","2025-06-19","","0","2","110607700"
"2010","2025-06-23","","228495598","0","0"
"2011","2025-06-26","","0","1","482082100"
"2012","2025-06-30","","50715673","1","200000000"
"2013","2025-07-03","","0","2","144542500"
"2014","2025-07-07","","18491184","1","200000000"
"2015","2025-07-10","","0","4","55995600"
"2016","2025-07-14","","229213996","0","0"
"2017","2025-07-17","","0","3","148608000"
"2018","2025-07-21","","0","2","102179200"
"2019","2025-07-24","","0","2","109854100"
"2020","2025-07-28","","222163139","0","0"
"2021","2025-07-31","","473732119","0","0"
"2022","2025-08-04","","0","2","370901400"
"2023","2025-08-07","","25586133","1","2000000000"
"2024","2025-08-11","","0","2","130661400"
"2025","2025-08-14","","208136262","0","0"
"2026","2025-08-18","","0","6","71626100"
"2027","2025-08-21","","1142580","1","200000000"
"2028","2025-08-25","","216271318","0","0"
"2029","2025-08-28","","81535997","1","488049000"
"2030","2025-09-01","","324569514","0","0"
"2031","2025-09-04","","0","3","194184800"
"2032","2025-09-08","","23188375","1","200000000"
"2033","2025-09-11","","0","3","85086700"
"2034","2025-09-15","","0","2","106154000"
"2035","2025-09-18","","196961791","0","0"
"2036","2025-09-22","","0","1","454612800"
"2037","2025-09-25","","195374667","0","0"
"2038","2025-09-29","","0","1","468137300"
"2039","2025-10-02","","215395177","0","0"
"2040","2025-10-06","","0","1","474998900"
"2041","2025-10-09","","209502018","0","0"
"2042","2025-10-13","","0","1","470308700"
"2043","2025-10-16","","223699102","0","0"
"2044","2025-10-20","","484403623","0","0"
"2045","2025-10-23","","0","3","239377600"
"2046","2025-10-27","","0","3","65800600"
"2047","2025-10-30","","210723088","0","0"
"2048","2025-11-03","","468334806","0","0"
"2049","2025-11-06","","753434862","0","0"
"2050","2025-11-10","","1053519923","0","0"
"2051","2025-11-13","","176502270","2","600000000"
"2052","2025-11-17","","437181358","0","0"
"2053","2025-11-20","","724468616","0","0"
"2054","2025-11-24","","429996617","1","600000000"
"2055","2025-11-27","","693711520","0","0"
"2056","2025-12-01","","386535047","1","600000000"
"2057","2025-12-04","","0","3","217303700"
"2058","2025-12-08","","0","2","115587500"
"2059","2025-12-11","","0","2","110548300"
"2060","2025-12-15","","43279462","1","200000000"
"2061","2025-12-18","","0","1","276436400"
"2062","2025-12-22","","48674501","1","200000000"
"2063","2025-12-25","","313298859","0","0"
"2064","2025-12-29","","5920512","1","600000000"
"2065","2026-01-05","","259218384","0","0"
"2066","2026-01-08","","0","1","542887200"
"2067","2026-01-12","","221877669","0","0"
"2068","2026-01-15","","484491749","0","0"
"2069","2026-01-19","","0","9","86819200"
"2070","2026-01-22","","21907185","1","200000000"
"2071","2026-01-26","","273871384","0","0"
"2072","2026-01-29","","538049454","0","0"
"2073","2026-02-02","","826984918","0","0"
"2074","2026-02-05","","0","4","281563500"
"2075","2026-02-09","","222215112","0","0"
"2076","2026-02-12","","0","5","94842000"
"2077","2026-02-16","","238876055","0","0"
"2078","2026-02-19","","0","1","495292100"
"2079","2026-02-23","","207185202","0","0"
"2080","2026-02-26","","0","1","455170700"
"2081","2026-03-02","","247024989","0","0"
"2082","2026-03-05","","0","2","266807600"
"2083","2026-03-09","","210243220","0","0"
"2084","2026-03-12","","462516068","0","0"
"2085","2026-03-16","","131403738","1","600000000"
"2086","2026-03-19","","377168743","0","0"
"2087","2026-03-23","","31193795","1","600000000"
"2088","2026-03-26","","0","3","85315200"
"2089","2026-03-30","","236800230","0","0"
"2090","2026-04-02","","0","1","449917100"
"2091","2026-04-06","","227840393","0","0"
"2092","2026-04-09","","480712171","0","0"
"2093","2026-04-13","","751519994","0","0"
"2094","2026-04-16","","0","5","200321600"
"2095","2026-04-20","","242447428","0","0"
"2096","2026-04-23","","493922051","0","0"
"2097","2026-04-27","","785838686","0","0"
"2098","2026-04-30","","0","2","536215400"
"2099","2026-05-04","","245719871","0","0"
"2100","2026-05-07","","0","5","100644600"
"2101","2026-05-11","","0","2","119417600"
"2102","2026-05-14","","23538243","1","200000000"
"2103","2026-05-18","","0","2","121423400"
"2104","2026-05-21","","15845051","1","200000000"
"2105","2026-05-25","","267091381","0","0"
"2106","2026-05-28","","0","2","261492400"
"2107","2026-06-01","","33399525","1","200000000"
"2108","2026-06-04","","0","3","83434500"
"2109","2026-06-08","","17268406","1","200000000"
"2110","2026-06-11","","0","2","124941200"
"2111","2026-06-15","","207517626","0","0"
"2112","2026-06-18","","455366461","0","0"
"2113","2026-06-22","","744495484","0","0"
"2114","2026-06-25","","0","2","525897600"
"2115","2026-06-29","","228591918","0","0"
"2116","2026-07-02","","0","1","485666100"
"2117","2026-07-06","","230386799","0","0"
"2118","2026-07-09","","482140962","0","0"
"2119","2026-07-13","","177434948","1","600000000"
"2120","2026-07-16","","418643783","0","0"
"2121","2026-07-20","","78463295","1","600000000"
"2122","2026-07-23","","311395743","0","0"
"2123","2026-07-27","","0","2","293335100"
"2124","2026-07-30","","219914692","0","0"
"2125","2026-08-03","","489963936","0","0"
